<?xml version = '1.0' encoding = 'UTF-8'?>
<Diagram class="oracle.dbtools.crest.swingui.relational.DPVRelational" name="Relational_1" id="1215B4D5-ABBE-B5C4-9925-5F743ADF1672">
<createdBy>mypc</createdBy>
<modifiedBy>mypc</modifiedBy>
<createdTime>2021-12-16 06:22:01 UTC</createdTime>
<autoRoute>false</autoRoute>
<boxInbox>true</boxInbox>
<showLegend>false</showLegend>
<showLabels>false</showLabels>
<showRelAttributes>false</showRelAttributes>
<gridEnabled>false</gridEnabled>
<showGrid>false</showGrid>
<diagramColor>-1</diagramColor>
<display>false</display>
<notation>1</notation>
<objectViews>
<OView class="oracle.dbtools.crest.swingui.relational.TVTable" oid="06E4CF61-E8EE-AC3A-BFB6-EDBA0E9C5F68" otype="Table" vid="778BF67A-C444-8083-D604-A3280B1A8335">
<hideElementsInCurrentOnly>false</hideElementsInCurrentOnly>
<bounds x="49" y="226" width="190" height="111"/>
</OView>
<OView class="oracle.dbtools.crest.swingui.relational.TVTable" oid="42687ED7-D1B8-FECA-3C84-F070A0E5B44A" otype="Table" vid="E3A5797B-D8C0-7A39-A137-27359D1566B9">
<hideElementsInCurrentOnly>false</hideElementsInCurrentOnly>
<bounds x="711" y="460" width="211" height="110"/>
</OView>
<OView class="oracle.dbtools.crest.swingui.relational.TVTable" oid="47B64EA2-F70F-0955-A3A3-41844E305316" otype="Table" vid="3A03E393-8A6D-F73E-4BBD-AB949CF584D1">
<hideElementsInCurrentOnly>false</hideElementsInCurrentOnly>
<bounds x="560" y="5" width="217" height="145"/>
</OView>
<OView class="oracle.dbtools.crest.swingui.relational.TVTable" oid="60882EFA-2D84-50B4-F40F-2E6E108C068F" otype="Table" vid="A418E1DF-58FC-BADF-ED8A-898E58C2830C">
<hideElementsInCurrentOnly>false</hideElementsInCurrentOnly>
<bounds x="161" y="440" width="170" height="181"/>
</OView>
<OView class="oracle.dbtools.crest.swingui.relational.TVTable" oid="6D583EC9-1622-BA11-0FFF-506C5892EFCE" otype="Table" vid="B2D7FCF1-5D7A-00C8-5DFE-11C4499A479B">
<hideElementsInCurrentOnly>false</hideElementsInCurrentOnly>
<bounds x="541" y="218" width="277" height="167"/>
</OView>
<OView class="oracle.dbtools.crest.swingui.relational.TVTable" oid="90CE4D31-7871-3E43-DCF5-1FAB813339FA" otype="Table" vid="6EFEBA2D-A6D9-94A3-0E6E-AB59F8FB7F88">
<hideElementsInCurrentOnly>false</hideElementsInCurrentOnly>
<bounds x="281" y="13" width="215" height="133"/>
</OView>
<OView class="oracle.dbtools.crest.swingui.relational.TVTable" oid="A5F323E8-5D68-2B8F-46E7-B04196981546" otype="Table" vid="E8D30628-E03E-C1ED-5330-2DBE02B43D9F">
<hideElementsInCurrentOnly>false</hideElementsInCurrentOnly>
<bounds x="21" y="7" width="203" height="111"/>
</OView>
<OView class="oracle.dbtools.crest.swingui.relational.TVTable" oid="DB8D3E09-FB56-EAAE-5944-E8D1EE806CAD" otype="Table" vid="3A7F3F03-B326-4114-1858-29B0BFBAD59C">
<hideElementsInCurrentOnly>false</hideElementsInCurrentOnly>
<bounds x="282" y="216" width="213" height="202"/>
</OView>
<OView class="oracle.dbtools.crest.swingui.relational.TVTable" oid="E86FE1C2-1AF0-81C5-F858-CCD4450F7AE5" otype="Table" vid="F5A80C83-8DD7-143F-2365-32A80C440696">
<hideElementsInCurrentOnly>false</hideElementsInCurrentOnly>
<bounds x="459" y="446" width="170" height="227"/>
</OView>
</objectViews>
<connectors>
<Connector class="oracle.dbtools.crest.swingui.relational.TVFKRelation" oid="0DBD2563-F8D0-CC85-FEDA-8AB8139C080E" otype="FKIndexAssociation" vid_source="6EFEBA2D-A6D9-94A3-0E6E-AB59F8FB7F88" vid_target="3A7F3F03-B326-4114-1858-29B0BFBAD59C">
<hideElementsInCurrentOnly>false</hideElementsInCurrentOnly>
<backgroundColor>-16777216</backgroundColor>
<lineWidth>1</lineWidth>
<points>
<point x="403" y="146"/>
<point x="403" y="216"/>
</points>
</Connector>
<Connector class="oracle.dbtools.crest.swingui.relational.TVFKRelation" oid="1DAD9BDD-5644-1477-06D4-77B6A49F691E" otype="FKIndexAssociation" vid_source="6EFEBA2D-A6D9-94A3-0E6E-AB59F8FB7F88" vid_target="3A03E393-8A6D-F73E-4BBD-AB949CF584D1">
<hideElementsInCurrentOnly>false</hideElementsInCurrentOnly>
<backgroundColor>-16777216</backgroundColor>
<lineWidth>1</lineWidth>
<points>
<point x="496" y="79"/>
<point x="560" y="79"/>
</points>
</Connector>
<Connector class="oracle.dbtools.crest.swingui.relational.TVFKRelation" oid="32F0BCD2-5DD3-844C-E1B7-552710A4894D" otype="FKIndexAssociation" vid_source="3A03E393-8A6D-F73E-4BBD-AB949CF584D1" vid_target="B2D7FCF1-5D7A-00C8-5DFE-11C4499A479B">
<hideElementsInCurrentOnly>false</hideElementsInCurrentOnly>
<backgroundColor>-16777216</backgroundColor>
<lineWidth>1</lineWidth>
<points>
<point x="668" y="150"/>
<point x="668" y="218"/>
</points>
</Connector>
<Connector class="oracle.dbtools.crest.swingui.relational.TVFKRelation" oid="3FFA14E4-185E-B3C5-5060-F50BB2F60FE7" otype="FKIndexAssociation" vid_source="E8D30628-E03E-C1ED-5330-2DBE02B43D9F" vid_target="6EFEBA2D-A6D9-94A3-0E6E-AB59F8FB7F88">
<hideElementsInCurrentOnly>false</hideElementsInCurrentOnly>
<backgroundColor>-16777216</backgroundColor>
<lineWidth>1</lineWidth>
<points>
<point x="224" y="80"/>
<point x="281" y="80"/>
</points>
</Connector>
<Connector class="oracle.dbtools.crest.swingui.relational.TVFKRelation" oid="57A610B6-7CCB-B26D-8C22-2A10D616ECE4" otype="FKIndexAssociation" vid_source="3A7F3F03-B326-4114-1858-29B0BFBAD59C" vid_target="B2D7FCF1-5D7A-00C8-5DFE-11C4499A479B">
<hideElementsInCurrentOnly>false</hideElementsInCurrentOnly>
<backgroundColor>-16777216</backgroundColor>
<lineWidth>1</lineWidth>
<points>
<point x="495" y="316"/>
<point x="541" y="316"/>
</points>
</Connector>
<Connector class="oracle.dbtools.crest.swingui.relational.TVFKRelation" oid="61726744-6458-4816-589C-4F842FB5AF22" otype="FKIndexAssociation" vid_source="B2D7FCF1-5D7A-00C8-5DFE-11C4499A479B" vid_target="F5A80C83-8DD7-143F-2365-32A80C440696">
<hideElementsInCurrentOnly>false</hideElementsInCurrentOnly>
<backgroundColor>-16777216</backgroundColor>
<lineWidth>1</lineWidth>
<points>
<point x="600" y="385"/>
<point x="600" y="446"/>
</points>
</Connector>
<Connector class="oracle.dbtools.crest.swingui.relational.TVFKRelation" oid="69DF3AC3-7C3D-CA9A-E854-E94BE878147B" otype="FKIndexAssociation" vid_source="778BF67A-C444-8083-D604-A3280B1A8335" vid_target="3A7F3F03-B326-4114-1858-29B0BFBAD59C">
<hideElementsInCurrentOnly>false</hideElementsInCurrentOnly>
<backgroundColor>-16777216</backgroundColor>
<lineWidth>1</lineWidth>
<points>
<point x="239" y="296"/>
<point x="282" y="296"/>
</points>
</Connector>
<Connector class="oracle.dbtools.crest.swingui.relational.TVFKRelation" oid="6B312B81-A4D3-7CAF-A3FC-639D064B7CD7" otype="FKIndexAssociation" vid_source="A418E1DF-58FC-BADF-ED8A-898E58C2830C" vid_target="F5A80C83-8DD7-143F-2365-32A80C440696">
<hideElementsInCurrentOnly>false</hideElementsInCurrentOnly>
<backgroundColor>-16777216</backgroundColor>
<lineWidth>1</lineWidth>
<points>
<point x="331" y="548"/>
<point x="459" y="548"/>
</points>
</Connector>
<Connector class="oracle.dbtools.crest.swingui.relational.TVFKRelation" oid="9CDBE79F-4DE7-336D-C93E-7168264F3100" otype="FKIndexAssociation" vid_source="E3A5797B-D8C0-7A39-A137-27359D1566B9" vid_target="F5A80C83-8DD7-143F-2365-32A80C440696">
<hideElementsInCurrentOnly>false</hideElementsInCurrentOnly>
<backgroundColor>-16777216</backgroundColor>
<lineWidth>1</lineWidth>
<points>
<point x="711" y="530"/>
<point x="629" y="530"/>
</points>
</Connector>
</connectors>
</Diagram>
