<?xml version = '1.0' encoding = 'UTF-8'?>
<Diagram class="oracle.dbtools.crest.swingui.relational.DPVRelational" name="Relational_2" id="AE2C9844-6DF4-891E-E0EE-F651BF9C09FE">
<createdBy>mypc</createdBy>
<modifiedBy>mypc</modifiedBy>
<createdTime>2021-12-16 03:22:43 UTC</createdTime>
<autoRoute>false</autoRoute>
<boxInbox>true</boxInbox>
<showLegend>false</showLegend>
<showLabels>false</showLabels>
<showRelAttributes>false</showRelAttributes>
<gridEnabled>false</gridEnabled>
<showGrid>false</showGrid>
<diagramColor>-1</diagramColor>
<display>false</display>
<notation>1</notation>
<objectViews>
<OView class="oracle.dbtools.crest.swingui.relational.TVTable" oid="93679199-5FCA-8E2D-207F-C4B70A06C3D0" otype="Table" vid="FDEBB014-A7F6-5A90-0109-1C0844F65195">
<hideElementsInCurrentOnly>false</hideElementsInCurrentOnly>
<bounds x="10" y="10" width="170" height="168"/>
</OView>
<OView class="oracle.dbtools.crest.swingui.relational.TVTable" oid="E4DF4D29-F14B-5E80-842B-74B8C8DE8135" otype="Table" vid="2E5D258B-447B-61DA-2209-55BB1BB2D206">
<hideElementsInCurrentOnly>false</hideElementsInCurrentOnly>
<bounds x="454" y="14" width="170" height="110"/>
</OView>
<OView class="oracle.dbtools.crest.swingui.relational.TVTable" oid="F18D1FF8-201C-3149-767B-36991AAFABCE" otype="Table" vid="FF7312FC-B2EB-1AA6-A87D-FFDF0EAC4DEA">
<hideElementsInCurrentOnly>false</hideElementsInCurrentOnly>
<bounds x="235" y="110" width="170" height="168"/>
</OView>
</objectViews>
<connectors>
<Connector class="oracle.dbtools.crest.swingui.relational.TVFKRelation" oid="14387CF3-7BB9-494A-C3AF-A4C78E337A51" otype="FKIndexAssociation" vid_source="FDEBB014-A7F6-5A90-0109-1C0844F65195" vid_target="FF7312FC-B2EB-1AA6-A87D-FFDF0EAC4DEA">
<hideElementsInCurrentOnly>false</hideElementsInCurrentOnly>
<backgroundColor>-16777216</backgroundColor>
<lineWidth>1</lineWidth>
<points>
<point x="180" y="144"/>
<point x="235" y="144"/>
</points>
</Connector>
<Connector class="oracle.dbtools.crest.swingui.relational.TVFKRelation" oid="F2E0664B-0390-9606-22E9-BF2A67682AB7" otype="FKIndexAssociation" vid_source="2E5D258B-447B-61DA-2209-55BB1BB2D206" vid_target="FF7312FC-B2EB-1AA6-A87D-FFDF0EAC4DEA">
<hideElementsInCurrentOnly>false</hideElementsInCurrentOnly>
<backgroundColor>-16777216</backgroundColor>
<lineWidth>1</lineWidth>
<points>
<point x="454" y="117"/>
<point x="405" y="117"/>
</points>
</Connector>
</connectors>
</Diagram>