<?xml version = '1.0' encoding = 'UTF-8'?>
<Relation class="oracle.dbtools.crest.model.design.logical.Relation" name="Relation_12" directorySegmentName="seg_0" id="645B5FF2-278A-BC5D-9AC2-AF76DF5C5E1A">
<createdBy>mypc</createdBy>
<createdTime>2021-12-16 02:24:26 UTC</createdTime>
<ownerDesignName>쇼핑몰</ownerDesignName>
<engineerTo>
<item key="A861EE19-6B58-EDAB-A7CB-B0E81FF96AC4" value="true"/>
<item key="FE248A53-016A-ABEB-37D9-D42E81478BF0" value="true"/>
</engineerTo>
<identifying>false</identifying>
<optionalSource>true</optionalSource>
<optionalTarget>true</optionalTarget>
<sourceCardinality>*</sourceCardinality>
<sourceEntity>E9B90B02-8753-612C-19E5-2EEC36C917C7</sourceEntity>
<targetCardinalityString>*</targetCardinalityString>
<targetEntity>421E8C32-52E9-B485-7791-1598C34D37A1</targetEntity>
<transferable>true</transferable>
<deleteRule>NO ACTION</deleteRule>
</Relation>