<?xml version = '1.0' encoding = 'UTF-8'?>
<Diagram class="oracle.dbtools.crest.swingui.logical.DPVLogical" name="Logical" id="167A80AE-D4BF-E360-44C9-322DF4CCAC32">
<createdBy>mypc</createdBy>
<modifiedBy>mypc</modifiedBy>
<createdTime>2021-12-16 04:56:18 UTC</createdTime>
<autoRoute>false</autoRoute>
<boxInbox>true</boxInbox>
<showLegend>false</showLegend>
<showLabels>false</showLabels>
<showRelAttributes>false</showRelAttributes>
<gridEnabled>false</gridEnabled>
<showGrid>false</showGrid>
<diagramColor>-1</diagramColor>
<display>false</display>
<notation>2</notation>
<objectViews>
<OView class="oracle.dbtools.crest.swingui.logical.TVEntity" oid="269E8111-308F-FA6B-3694-72386D06DC47" otype="Entity" vid="FDC0B7FC-F38A-1248-9BF6-E8DEF66E1E15">
<hideElementsInCurrentOnly>false</hideElementsInCurrentOnly>
<bounds x="522" y="5" width="180" height="145"/>
</OView>
<OView class="oracle.dbtools.crest.swingui.logical.TVEntity" oid="2B8CC9A0-D79D-5508-CEDB-FB948BF4D813" otype="Entity" vid="2BED8F46-327F-1B1D-F72E-95B74987F8A8">
<hideElementsInCurrentOnly>false</hideElementsInCurrentOnly>
<bounds x="69" y="226" width="170" height="111"/>
</OView>
<OView class="oracle.dbtools.crest.swingui.logical.TVEntity" oid="2C5A4627-FC9F-FF46-385F-DB3921B38E78" otype="Entity" vid="E3B8B4AE-8632-70B6-3F69-9C8BD50216CC">
<hideElementsInCurrentOnly>false</hideElementsInCurrentOnly>
<bounds x="459" y="446" width="170" height="175"/>
</OView>
<OView class="oracle.dbtools.crest.swingui.logical.TVEntity" oid="687CEA00-440D-31E3-DE0D-5AD02752CF52" otype="Entity" vid="2A7D5643-C26C-885D-50F3-3F9E67F05EB8">
<hideElementsInCurrentOnly>false</hideElementsInCurrentOnly>
<bounds x="711" y="460" width="170" height="110"/>
</OView>
<OView class="oracle.dbtools.crest.swingui.logical.TVEntity" oid="734CB949-E19F-04B3-2E84-F61219EC4160" otype="Entity" vid="A61FE137-5CD0-9E58-58C4-5E948202E695">
<hideElementsInCurrentOnly>false</hideElementsInCurrentOnly>
<bounds x="74" y="9" width="133" height="111"/>
</OView>
<OView class="oracle.dbtools.crest.swingui.logical.TVEntity" oid="C523AA3F-5FCB-3BB4-3F4B-16B98B5E387C" otype="Entity" vid="50EA89C7-1F8E-BD4C-CB08-F1C780B54DEC">
<hideElementsInCurrentOnly>false</hideElementsInCurrentOnly>
<bounds x="161" y="440" width="170" height="181"/>
</OView>
<OView class="oracle.dbtools.crest.swingui.logical.TVEntity" oid="CC06E1E8-53A0-A486-0982-AA8D6B7AFE4C" otype="Entity" vid="00010D83-1EDF-A11B-DF42-3F5C81D7D9B4">
<hideElementsInCurrentOnly>false</hideElementsInCurrentOnly>
<bounds x="541" y="218" width="170" height="167"/>
</OView>
<OView class="oracle.dbtools.crest.swingui.logical.TVEntity" oid="DC21688B-E184-5603-7AC3-E0EF1DC64417" otype="Entity" vid="1FFA86A6-C724-20FD-6C48-846BAD9F570F">
<hideElementsInCurrentOnly>false</hideElementsInCurrentOnly>
<bounds x="281" y="13" width="173" height="111"/>
</OView>
<OView class="oracle.dbtools.crest.swingui.logical.TVEntity" oid="F0ECF8D4-0789-C35A-7693-99FCECD583FD" otype="Entity" vid="F7D8AAF9-38E3-89BB-4FE3-2AA1B686C9B2">
<hideElementsInCurrentOnly>false</hideElementsInCurrentOnly>
<bounds x="325" y="216" width="170" height="183"/>
</OView>
</objectViews>
<connectors>
<Connector class="oracle.dbtools.crest.swingui.logical.TVRelation" oid="1CC5C822-E49D-0F46-CF47-8F5F26C3F3AC" otype="Relation" vid_source="2A7D5643-C26C-885D-50F3-3F9E67F05EB8" vid_target="E3B8B4AE-8632-70B6-3F69-9C8BD50216CC">
<hideElementsInCurrentOnly>false</hideElementsInCurrentOnly>
<backgroundColor>-16777216</backgroundColor>
<lineWidth>1</lineWidth>
<points>
<point x="711" y="515"/>
<point x="629" y="515"/>
</points>
</Connector>
<Connector class="oracle.dbtools.crest.swingui.logical.TVRelation" oid="4D7CD641-60F3-997D-DB60-86BD4D4A3985" otype="Relation" vid_source="1FFA86A6-C724-20FD-6C48-846BAD9F570F" vid_target="F7D8AAF9-38E3-89BB-4FE3-2AA1B686C9B2">
<hideElementsInCurrentOnly>false</hideElementsInCurrentOnly>
<backgroundColor>-16777216</backgroundColor>
<lineWidth>1</lineWidth>
<points>
<point x="389" y="124"/>
<point x="389" y="216"/>
</points>
</Connector>
<Connector class="oracle.dbtools.crest.swingui.logical.TVRelation" oid="6CD8C47F-037A-1963-B7C8-909B8528E8BB" otype="Relation" vid_source="00010D83-1EDF-A11B-DF42-3F5C81D7D9B4" vid_target="E3B8B4AE-8632-70B6-3F69-9C8BD50216CC">
<hideElementsInCurrentOnly>false</hideElementsInCurrentOnly>
<backgroundColor>-16777216</backgroundColor>
<lineWidth>1</lineWidth>
<points>
<point x="585" y="385"/>
<point x="585" y="446"/>
</points>
</Connector>
<Connector class="oracle.dbtools.crest.swingui.logical.TVRelation" oid="7ACA0FB9-EFC7-3930-69A1-3224E6E103C8" otype="Relation" vid_source="FDC0B7FC-F38A-1248-9BF6-E8DEF66E1E15" vid_target="00010D83-1EDF-A11B-DF42-3F5C81D7D9B4">
<hideElementsInCurrentOnly>false</hideElementsInCurrentOnly>
<backgroundColor>-16777216</backgroundColor>
<lineWidth>1</lineWidth>
<points>
<point x="621" y="150"/>
<point x="621" y="218"/>
</points>
</Connector>
<Connector class="oracle.dbtools.crest.swingui.logical.TVRelation" oid="B5C23F59-512B-FD5F-7E8A-B3BB4889C38D" otype="Relation" vid_source="2BED8F46-327F-1B1D-F72E-95B74987F8A8" vid_target="F7D8AAF9-38E3-89BB-4FE3-2AA1B686C9B2">
<hideElementsInCurrentOnly>false</hideElementsInCurrentOnly>
<backgroundColor>-16777216</backgroundColor>
<lineWidth>1</lineWidth>
<points>
<point x="239" y="281"/>
<point x="325" y="281"/>
</points>
</Connector>
<Connector class="oracle.dbtools.crest.swingui.logical.TVRelation" oid="B79C561D-ED5D-60AC-F468-39B7774B1A97" otype="Relation" vid_source="50EA89C7-1F8E-BD4C-CB08-F1C780B54DEC" vid_target="E3B8B4AE-8632-70B6-3F69-9C8BD50216CC">
<hideElementsInCurrentOnly>false</hideElementsInCurrentOnly>
<backgroundColor>-16777216</backgroundColor>
<lineWidth>1</lineWidth>
<points>
<point x="331" y="563"/>
<point x="459" y="563"/>
</points>
</Connector>
<Connector class="oracle.dbtools.crest.swingui.logical.TVRelation" oid="D1E80357-0E8C-3D48-DDB0-21771CB79DCF" otype="Relation" vid_source="A61FE137-5CD0-9E58-58C4-5E948202E695" vid_target="1FFA86A6-C724-20FD-6C48-846BAD9F570F">
<hideElementsInCurrentOnly>false</hideElementsInCurrentOnly>
<backgroundColor>-16777216</backgroundColor>
<lineWidth>1</lineWidth>
<points>
<point x="207" y="66"/>
<point x="281" y="66"/>
</points>
</Connector>
<Connector class="oracle.dbtools.crest.swingui.logical.TVRelation" oid="F540ED4F-942E-9209-221C-AAD636006A1A" otype="Relation" vid_source="F7D8AAF9-38E3-89BB-4FE3-2AA1B686C9B2" vid_target="00010D83-1EDF-A11B-DF42-3F5C81D7D9B4">
<hideElementsInCurrentOnly>false</hideElementsInCurrentOnly>
<backgroundColor>-16777216</backgroundColor>
<lineWidth>1</lineWidth>
<points>
<point x="495" y="301"/>
<point x="541" y="301"/>
</points>
</Connector>
<Connector class="oracle.dbtools.crest.swingui.logical.TVRelation" oid="FE14CF8F-442A-ACD4-A05C-CCDE4EBB9177" otype="Relation" vid_source="1FFA86A6-C724-20FD-6C48-846BAD9F570F" vid_target="FDC0B7FC-F38A-1248-9BF6-E8DEF66E1E15">
<hideElementsInCurrentOnly>false</hideElementsInCurrentOnly>
<backgroundColor>-16777216</backgroundColor>
<lineWidth>1</lineWidth>
<points>
<point x="454" y="68"/>
<point x="522" y="68"/>
</points>
</Connector>
</connectors>
</Diagram>
