<?xml version = '1.0' encoding = 'UTF-8'?>
<FKIndexAssociation class="oracle.dbtools.crest.model.design.relational.FKIndexAssociation" directorySegmentName="seg_0" id="0189175C-0398-F75F-C7D6-88E6B872A6C3" containerWithKeyObject="A6DD4342-C790-6FD5-9E0A-05C3B5E851C0" localFKIndex="04ECC133-0F78-DF39-C4B8-2FC0E62673DE" name="사원_부서_FK">
<createdBy>mypc</createdBy>
<createdTime>2021-12-16 02:30:53 UTC</createdTime>
<generatorID>5CAD0E72-CDF1-26B7-6AE0-DBE3AAF18F03</generatorID>
<ownerDesignName>쇼핑몰</ownerDesignName>
<referredTableLongName>부서</referredTableLongName>
<deleteRule>NO ACTION</deleteRule>
<referredTableID>D3693E26-33E5-A228-7A95-C0A0ED84B96F</referredTableID>
<keyObject>6C488FF9-F407-B0BB-FF09-0CD66B1B8A69</keyObject>
<referredKeyID>6C488FF9-F407-B0BB-FF09-0CD66B1B8A69</referredKeyID>
<mandatory>false</mandatory>
<refColNames>부서번호</refColNames>
<transferable>true</transferable>
<rely>false</rely>
<columnDependencyConstraintGenerateInDDL>true</columnDependencyConstraintGenerateInDDL>
</FKIndexAssociation>