<?xml version = '1.0' encoding = 'UTF-8'?>
<FKIndexAssociation class="oracle.dbtools.crest.model.design.relational.FKIndexAssociation" directorySegmentName="seg_0" id="E4FFDCCA-12F2-0FB4-8C6C-A0C1C2858507" containerWithKeyObject="A50BD944-03E0-CE28-ABBC-009AFAA4CAD2" localFKIndex="FFEAB091-A029-F01D-410A-8C0E54000756" name="customer_fk">
<createdBy>mypc</createdBy>
<createdTime>2021-12-16 02:30:53 UTC</createdTime>
<generatorID>645B5FF2-278A-BC5D-9AC2-AF76DF5C5E1A</generatorID>
<ownerDesignName>쇼핑몰</ownerDesignName>
<usedAsRemoteObject>true</usedAsRemoteObject>
<referredTableLongName>customer</referredTableLongName>
<deleteRule>NO ACTION</deleteRule>
<referredTableID>620AB46E-D26F-64C6-64E8-E5B6E271F643</referredTableID>
<keyObject>FD72564B-7F1C-EE8A-ACF1-B9BB4A929B27</keyObject>
<referredKeyID>FD72564B-7F1C-EE8A-ACF1-B9BB4A929B27</referredKeyID>
<mandatory>true</mandatory>
<refColNames>id</refColNames>
<transferable>true</transferable>
<rely>false</rely>
<columnDependencyConstraintGenerateInDDL>true</columnDependencyConstraintGenerateInDDL>
</FKIndexAssociation>