<?xml version = '1.0' encoding = 'UTF-8'?>
<FKIndexAssociation class="oracle.dbtools.crest.model.design.relational.FKIndexAssociation" directorySegmentName="seg_0" id="0DBD2563-F8D0-CC85-FEDA-8AB8139C080E" containerWithKeyObject="DB8D3E09-FB56-EAAE-5944-E8D1EE806CAD" localFKIndex="5FF260EA-9048-C808-0716-61DE75AAF5E0" name="schedule_screen_fk">
<createdBy>mypc</createdBy>
<createdTime>2021-12-16 06:51:22 UTC</createdTime>
<generatorID>4D7CD641-60F3-997D-DB60-86BD4D4A3985</generatorID>
<ownerDesignName>영화예매</ownerDesignName>
<referredTableLongName>screen</referredTableLongName>
<deleteRule>NO ACTION</deleteRule>
<referredTableID>90CE4D31-7871-3E43-DCF5-1FAB813339FA</referredTableID>
<keyObject>25DC020A-4B02-0330-D9EA-438F3FF10B1F</keyObject>
<referredKeyID>25DC020A-4B02-0330-D9EA-438F3FF10B1F</referredKeyID>
<mandatory>true</mandatory>
<refColNames>screen_no,theater_no</refColNames>
<transferable>true</transferable>
<rely>false</rely>
<columnDependencyConstraintGenerateInDDL>true</columnDependencyConstraintGenerateInDDL>
</FKIndexAssociation>
