<?xml version = '1.0' encoding = 'UTF-8'?>
<FKIndexAssociation class="oracle.dbtools.crest.model.design.relational.FKIndexAssociation" directorySegmentName="seg_0" id="1DAD9BDD-5644-1477-06D4-77B6A49F691E" containerWithKeyObject="47B64EA2-F70F-0955-A3A3-41844E305316" localFKIndex="363FE080-EFF1-F4F0-7F3C-01E1A03DDD5E" name="screen_seat_fk">
<createdBy>mypc</createdBy>
<createdTime>2021-12-16 06:51:22 UTC</createdTime>
<generatorID>FE14CF8F-442A-ACD4-A05C-CCDE4EBB9177</generatorID>
<ownerDesignName>영화예매</ownerDesignName>
<referredTableLongName>screen</referredTableLongName>
<deleteRule>NO ACTION</deleteRule>
<referredTableID>90CE4D31-7871-3E43-DCF5-1FAB813339FA</referredTableID>
<keyObject>25DC020A-4B02-0330-D9EA-438F3FF10B1F</keyObject>
<referredKeyID>25DC020A-4B02-0330-D9EA-438F3FF10B1F</referredKeyID>
<mandatory>true</mandatory>
<refColNames>screen_no,theater_no</refColNames>
<transferable>true</transferable>
<rely>false</rely>
<columnDependencyConstraintGenerateInDDL>true</columnDependencyConstraintGenerateInDDL>
</FKIndexAssociation>
