<?xml version = '1.0' encoding = 'UTF-8'?>
<FKIndexAssociation class="oracle.dbtools.crest.model.design.relational.FKIndexAssociation" directorySegmentName="seg_0" id="32F0BCD2-5DD3-844C-E1B7-552710A4894D" containerWithKeyObject="6D583EC9-1622-BA11-0FFF-506C5892EFCE" localFKIndex="00DDCCF8-1ECD-2896-3EEB-4642B1D52BB0" name="ticket_seat_fk">
<createdBy>mypc</createdBy>
<createdTime>2021-12-16 06:51:22 UTC</createdTime>
<generatorID>7ACA0FB9-EFC7-3930-69A1-3224E6E103C8</generatorID>
<ownerDesignName>영화예매</ownerDesignName>
<referredTableLongName>seat</referredTableLongName>
<deleteRule>NO ACTION</deleteRule>
<referredTableID>47B64EA2-F70F-0955-A3A3-41844E305316</referredTableID>
<keyObject>1E70A2E4-9891-EEA3-9EFE-72536CDE29B3</keyObject>
<referredKeyID>1E70A2E4-9891-EEA3-9EFE-72536CDE29B3</referredKeyID>
<mandatory>true</mandatory>
<refColNames>seat_no,screen_no,theater_no</refColNames>
<transferable>true</transferable>
<rely>false</rely>
<columnDependencyConstraintGenerateInDDL>true</columnDependencyConstraintGenerateInDDL>
</FKIndexAssociation>
