<?xml version = '1.0' encoding = 'UTF-8'?>
<FKIndexAssociation class="oracle.dbtools.crest.model.design.relational.FKIndexAssociation" directorySegmentName="seg_0" id="3FFA14E4-185E-B3C5-5060-F50BB2F60FE7" containerWithKeyObject="90CE4D31-7871-3E43-DCF5-1FAB813339FA" localFKIndex="455786C1-44BE-BCC7-4C10-FAA665D37CC4" name="theater_screen_fk">
<createdBy>mypc</createdBy>
<createdTime>2021-12-16 06:51:22 UTC</createdTime>
<generatorID>D1E80357-0E8C-3D48-DDB0-21771CB79DCF</generatorID>
<ownerDesignName>영화예매</ownerDesignName>
<referredTableLongName>theater</referredTableLongName>
<deleteRule>NO ACTION</deleteRule>
<referredTableID>A5F323E8-5D68-2B8F-46E7-B04196981546</referredTableID>
<keyObject>591A5946-576F-0BEC-408E-E9B4A3C6CD4C</keyObject>
<referredKeyID>591A5946-576F-0BEC-408E-E9B4A3C6CD4C</referredKeyID>
<mandatory>true</mandatory>
<refColNames>theater</refColNames>
<transferable>true</transferable>
<rely>false</rely>
<columnDependencyConstraintGenerateInDDL>true</columnDependencyConstraintGenerateInDDL>
</FKIndexAssociation>
