<?xml version = '1.0' encoding = 'UTF-8'?>
<FKIndexAssociation class="oracle.dbtools.crest.model.design.relational.FKIndexAssociation" directorySegmentName="seg_0" id="57A610B6-7CCB-B26D-8C22-2A10D616ECE4" containerWithKeyObject="6D583EC9-1622-BA11-0FFF-506C5892EFCE" localFKIndex="45055055-9329-14E6-C956-5BC0F0F5B169" name="ticket_schedule_fk">
<createdBy>mypc</createdBy>
<createdTime>2021-12-16 06:51:22 UTC</createdTime>
<generatorID>F540ED4F-942E-9209-221C-AAD636006A1A</generatorID>
<ownerDesignName>영화예매</ownerDesignName>
<referredTableLongName>schedule</referredTableLongName>
<deleteRule>NO ACTION</deleteRule>
<referredTableID>DB8D3E09-FB56-EAAE-5944-E8D1EE806CAD</referredTableID>
<keyObject>76F36ED7-3CDC-4CA6-192E-DFB9D4C419EE</keyObject>
<referredKeyID>76F36ED7-3CDC-4CA6-192E-DFB9D4C419EE</referredKeyID>
<mandatory>true</mandatory>
<refColNames>schedule_no</refColNames>
<transferable>true</transferable>
<rely>false</rely>
<columnDependencyConstraintGenerateInDDL>true</columnDependencyConstraintGenerateInDDL>
</FKIndexAssociation>
