<?xml version = '1.0' encoding = 'UTF-8'?>
<FKIndexAssociation class="oracle.dbtools.crest.model.design.relational.FKIndexAssociation" directorySegmentName="seg_0" id="61726744-6458-4816-589C-4F842FB5AF22" containerWithKeyObject="E86FE1C2-1AF0-81C5-F858-CCD4450F7AE5" localFKIndex="5A8A8DF5-00C6-4B13-0C23-668E1F5CBAEC" name="reserve_ticket_fk">
<createdBy>mypc</createdBy>
<createdTime>2021-12-16 06:51:22 UTC</createdTime>
<generatorID>6CD8C47F-037A-1963-B7C8-909B8528E8BB</generatorID>
<ownerDesignName>영화예매</ownerDesignName>
<referredTableLongName>ticket</referredTableLongName>
<deleteRule>NO ACTION</deleteRule>
<referredTableID>6D583EC9-1622-BA11-0FFF-506C5892EFCE</referredTableID>
<keyObject>1755E6FE-ADCD-3660-1F8E-5056101DDA04</keyObject>
<referredKeyID>1755E6FE-ADCD-3660-1F8E-5056101DDA04</referredKeyID>
<mandatory>true</mandatory>
<refColNames>ticket_no</refColNames>
<transferable>true</transferable>
<rely>false</rely>
<columnDependencyConstraintGenerateInDDL>true</columnDependencyConstraintGenerateInDDL>
</FKIndexAssociation>
