<?xml version = '1.0' encoding = 'UTF-8'?>
<FKIndexAssociation class="oracle.dbtools.crest.model.design.relational.FKIndexAssociation" directorySegmentName="seg_0" id="69DF3AC3-7C3D-CA9A-E854-E94BE878147B" containerWithKeyObject="DB8D3E09-FB56-EAAE-5944-E8D1EE806CAD" localFKIndex="B89957C5-BACC-D16F-5512-4C8129C1DB63" name="schedule_movie_fk">
<createdBy>mypc</createdBy>
<createdTime>2021-12-16 06:51:22 UTC</createdTime>
<generatorID>B5C23F59-512B-FD5F-7E8A-B3BB4889C38D</generatorID>
<ownerDesignName>영화예매</ownerDesignName>
<referredTableLongName>movie</referredTableLongName>
<deleteRule>NO ACTION</deleteRule>
<referredTableID>06E4CF61-E8EE-AC3A-BFB6-EDBA0E9C5F68</referredTableID>
<keyObject>CBE3AD7D-E9F6-4DCC-ADAC-A8ACB7ABD384</keyObject>
<referredKeyID>CBE3AD7D-E9F6-4DCC-ADAC-A8ACB7ABD384</referredKeyID>
<mandatory>true</mandatory>
<refColNames>movie_no</refColNames>
<transferable>true</transferable>
<rely>false</rely>
<columnDependencyConstraintGenerateInDDL>true</columnDependencyConstraintGenerateInDDL>
</FKIndexAssociation>
