<?xml version = '1.0' encoding = 'UTF-8'?>
<FKIndexAssociation class="oracle.dbtools.crest.model.design.relational.FKIndexAssociation" directorySegmentName="seg_0" id="6B312B81-A4D3-7CAF-A3FC-639D064B7CD7" containerWithKeyObject="E86FE1C2-1AF0-81C5-F858-CCD4450F7AE5" localFKIndex="55537CF6-DF3C-A051-112E-2757C8A5BC01" name="reserve_member_fk">
<createdBy>mypc</createdBy>
<createdTime>2021-12-16 06:51:22 UTC</createdTime>
<generatorID>B79C561D-ED5D-60AC-F468-39B7774B1A97</generatorID>
<ownerDesignName>영화예매</ownerDesignName>
<referredTableLongName>member</referredTableLongName>
<deleteRule>NO ACTION</deleteRule>
<referredTableID>60882EFA-2D84-50B4-F40F-2E6E108C068F</referredTableID>
<keyObject>56DE2D27-EE34-0F5D-A118-CB1A55CD349E</keyObject>
<referredKeyID>56DE2D27-EE34-0F5D-A118-CB1A55CD349E</referredKeyID>
<mandatory>true</mandatory>
<refColNames>member_no</refColNames>
<transferable>true</transferable>
<rely>false</rely>
<columnDependencyConstraintGenerateInDDL>true</columnDependencyConstraintGenerateInDDL>
</FKIndexAssociation>
