<?xml version = '1.0' encoding = 'UTF-8'?>
<FKIndexAssociation class="oracle.dbtools.crest.model.design.relational.FKIndexAssociation" directorySegmentName="seg_0" id="9CDBE79F-4DE7-336D-C93E-7168264F3100" containerWithKeyObject="E86FE1C2-1AF0-81C5-F858-CCD4450F7AE5" localFKIndex="99BBB2F7-ED7B-182A-0AC8-937DA99F1EEC" name="reserve_refund_fk">
<createdBy>mypc</createdBy>
<createdTime>2021-12-16 06:51:22 UTC</createdTime>
<generatorID>1CC5C822-E49D-0F46-CF47-8F5F26C3F3AC</generatorID>
<ownerDesignName>영화예매</ownerDesignName>
<referredTableLongName>refund</referredTableLongName>
<deleteRule>NO ACTION</deleteRule>
<referredTableID>42687ED7-D1B8-FECA-3C84-F070A0E5B44A</referredTableID>
<keyObject>25EF28A9-E733-CD28-6968-9CF59E8D4244</keyObject>
<referredKeyID>25EF28A9-E733-CD28-6968-9CF59E8D4244</referredKeyID>
<mandatory>true</mandatory>
<refColNames>refund_no</refColNames>
<transferable>true</transferable>
<rely>false</rely>
<columnDependencyConstraintGenerateInDDL>true</columnDependencyConstraintGenerateInDDL>
</FKIndexAssociation>
