<?xml version = '1.0' encoding = 'UTF-8'?>
<FKIndexAssociation class="oracle.dbtools.crest.model.design.relational.FKIndexAssociation" directorySegmentName="seg_0" id="F2E0664B-0390-9606-22E9-BF2A67682AB7" containerWithKeyObject="F18D1FF8-201C-3149-767B-36991AAFABCE" localFKIndex="A84800F6-14F4-205E-22EC-495842F1F757" name="product_fk">
<createdBy>mypc</createdBy>
<createdTime>2021-12-16 03:23:09 UTC</createdTime>
<generatorID>645B5FF2-278A-BC5D-9AC2-AF76DF5C5E1A</generatorID>
<ownerDesignName>쇼핑몰</ownerDesignName>
<referredTableLongName>product</referredTableLongName>
<deleteRule>NO ACTION</deleteRule>
<referredTableID>E4DF4D29-F14B-5E80-842B-74B8C8DE8135</referredTableID>
<keyObject>B91690E5-D8B8-6D4B-5297-A8D5CA7E7129</keyObject>
<referredKeyID>B91690E5-D8B8-6D4B-5297-A8D5CA7E7129</referredKeyID>
<mandatory>true</mandatory>
<refColNames>pcode</refColNames>
<transferable>true</transferable>
<rely>false</rely>
<columnDependencyConstraintGenerateInDDL>true</columnDependencyConstraintGenerateInDDL>
</FKIndexAssociation>