<?xml version = '1.0' encoding = 'UTF-8'?>
<Table class="oracle.dbtools.crest.model.design.relational.Table" directorySegmentName="seg_0" id="E4DF4D29-F14B-5E80-842B-74B8C8DE8135" name="product">
<createdBy>mypc</createdBy>
<createdTime>2021-12-16 03:23:09 UTC</createdTime>
<generatorID>421E8C32-52E9-B485-7791-1598C34D37A1</generatorID>
<ownerDesignName>쇼핑몰</ownerDesignName>
<allowColumnReorder>false</allowColumnReorder>
<existDependencyGenerateInDDl>true</existDependencyGenerateInDDl>
<parsed>true</parsed>
<columns itemClass="oracle.dbtools.crest.model.design.relational.Column">
<Column name="pcode" id="8EAC3FC2-2888-18C3-543C-358C019F4B7E">
<createdBy>mypc</createdBy>
<createdTime>2021-12-16 03:23:09 UTC</createdTime>
<generatorID>369DCB69-2EBE-8AE2-8D87-4D6E1791CE1C</generatorID>
<ownerDesignName>쇼핑몰</ownerDesignName>
<useDomainConstraints>false</useDomainConstraints>
<use>1</use>
<logicalDatatype>LOGDT024</logicalDatatype>
<dataTypeSize>20</dataTypeSize>
<ownDataTypeParameters>20,,</ownDataTypeParameters>
<autoIncrementCycle>false</autoIncrementCycle>
</Column>
<Column name="pname" id="0B08984A-B608-A154-9151-C1848C2C4ADE">
<createdBy>mypc</createdBy>
<createdTime>2021-12-16 03:23:09 UTC</createdTime>
<generatorID>444BE761-E431-00A4-2D1C-67A33F8083B5</generatorID>
<ownerDesignName>쇼핑몰</ownerDesignName>
<nullsAllowed>true</nullsAllowed>
<useDomainConstraints>false</useDomainConstraints>
<use>1</use>
<logicalDatatype>LOGDT024</logicalDatatype>
<dataTypeSize>100</dataTypeSize>
<ownDataTypeParameters>100,,</ownDataTypeParameters>
<autoIncrementCycle>false</autoIncrementCycle>
</Column>
<Column name="price" id="B7092AD7-B151-9F7C-BA4C-ABAE29FABA1B">
<createdBy>mypc</createdBy>
<createdTime>2021-12-16 03:23:09 UTC</createdTime>
<generatorID>5531F53E-ADDB-A07A-101E-0E4E2331B7F7</generatorID>
<ownerDesignName>쇼핑몰</ownerDesignName>
<nullsAllowed>true</nullsAllowed>
<useDomainConstraints>false</useDomainConstraints>
<use>1</use>
<logicalDatatype>LOGDT024</logicalDatatype>
<dataTypeSize>10</dataTypeSize>
<ownDataTypeParameters>10,,</ownDataTypeParameters>
<autoIncrementCycle>false</autoIncrementCycle>
</Column>
</columns>
<indexes itemClass="oracle.dbtools.crest.model.design.relational.Index">
<ind_PK_UK id="B91690E5-D8B8-6D4B-5297-A8D5CA7E7129" name="product_pk">
<createdBy>mypc</createdBy>
<createdTime>2021-12-16 03:23:09 UTC</createdTime>
<generatorID>A78A5F81-8CB7-D7A1-43D7-59C5403A0C9F</generatorID>
<ownerDesignName>쇼핑몰</ownerDesignName>
<pk>true</pk>
<indexState>Primary Constraint</indexState>
<isSurrogateKey>false</isSurrogateKey>
<indexColumnUsage>
<colUsage columnID="8EAC3FC2-2888-18C3-543C-358C019F4B7E"/>
</indexColumnUsage>
</ind_PK_UK>
</indexes>
</Table>