<?xml version = '1.0' encoding = 'UTF-8'?>
<Table class="oracle.dbtools.crest.model.design.relational.Table" directorySegmentName="seg_0" id="F18D1FF8-201C-3149-767B-36991AAFABCE" name="orders">
<createdBy>mypc</createdBy>
<createdTime>2021-12-16 03:23:09 UTC</createdTime>
<ownerDesignName>쇼핑몰</ownerDesignName>
<ordsAlias>relation_12</ordsAlias>
<allowColumnReorder>false</allowColumnReorder>
<existDependencyGenerateInDDl>true</existDependencyGenerateInDDl>
<parsed>true</parsed>
<columns itemClass="oracle.dbtools.crest.model.design.relational.Column">
<Column name="oseq" id="F099532C-B50D-6FA3-6CC1-A539C9E042BE">
<createdBy>mypc</createdBy>
<createdTime>2021-12-16 03:23:09 UTC</createdTime>
<ownerDesignName>쇼핑몰</ownerDesignName>
<useDomainConstraints>false</useDomainConstraints>
<use>1</use>
<logicalDatatype>LOGDT019</logicalDatatype>
<dataTypePrecision>6</dataTypePrecision>
<ownDataTypeParameters>,6,</ownDataTypeParameters>
<autoIncrementCycle>false</autoIncrementCycle>
</Column>
<Column name="quantity" id="63454FEE-5B98-C47D-D92B-4C635AEAFBAD">
<createdBy>mypc</createdBy>
<createdTime>2021-12-16 03:23:09 UTC</createdTime>
<ownerDesignName>쇼핑몰</ownerDesignName>
<nullsAllowed>true</nullsAllowed>
<useDomainConstraints>false</useDomainConstraints>
<use>1</use>
<logicalDatatype>LOGDT019</logicalDatatype>
<dataTypePrecision>10</dataTypePrecision>
<ownDataTypeParameters>,10,</ownDataTypeParameters>
<autoIncrementCycle>false</autoIncrementCycle>
</Column>
<Column name="indate" id="28EC08C4-8B9F-4D2E-3CFC-6C95C6245461">
<createdBy>mypc</createdBy>
<createdTime>2021-12-16 03:23:09 UTC</createdTime>
<ownerDesignName>쇼핑몰</ownerDesignName>
<nullsAllowed>true</nullsAllowed>
<useDomainConstraints>false</useDomainConstraints>
<use>1</use>
<logicalDatatype>LOGDT007</logicalDatatype>
<ownDataTypeParameters>,,</ownDataTypeParameters>
<autoIncrementCycle>false</autoIncrementCycle>
</Column>
<Column name="id" id="E0D0455B-B751-9601-8B64-0BA00AC0B00E">
<createdBy>mypc</createdBy>
<createdTime>2021-12-16 03:23:09 UTC</createdTime>
<ownerDesignName>쇼핑몰</ownerDesignName>
<useDomainConstraints>false</useDomainConstraints>
<use>1</use>
<logicalDatatype>LOGDT024</logicalDatatype>
<dataTypeSize>20</dataTypeSize>
<ownDataTypeParameters>20,,</ownDataTypeParameters>
<previousColumn>false</previousColumn>
<autoIncrementCycle>false</autoIncrementCycle>
<associations>
<colAssociation fkAssociation="14387CF3-7BB9-494A-C3AF-A4C78E337A51" referredColumn="4FC2C40B-42CE-5484-392C-D0CEA8FF9F6E"/>
</associations>
</Column>
<Column name="pcode" id="E98BB43B-8C02-B1D9-7D86-B2E62CC88744">
<createdBy>mypc</createdBy>
<createdTime>2021-12-16 03:23:09 UTC</createdTime>
<ownerDesignName>쇼핑몰</ownerDesignName>
<useDomainConstraints>false</useDomainConstraints>
<use>1</use>
<logicalDatatype>LOGDT024</logicalDatatype>
<dataTypeSize>20</dataTypeSize>
<ownDataTypeParameters>20,,</ownDataTypeParameters>
<previousColumn>false</previousColumn>
<autoIncrementCycle>false</autoIncrementCycle>
<associations>
<colAssociation fkAssociation="F2E0664B-0390-9606-22E9-BF2A67682AB7" referredColumn="8EAC3FC2-2888-18C3-543C-358C019F4B7E"/>
</associations>
</Column>
</columns>
<indexes itemClass="oracle.dbtools.crest.model.design.relational.Index">
<ind_PK_UK id="5CECC0A4-A982-AB58-E57C-89EEE65D61F5" name="orders_pk">
<createdBy>mypc</createdBy>
<createdTime>2021-12-16 03:23:09 UTC</createdTime>
<ownerDesignName>쇼핑몰</ownerDesignName>
<pk>true</pk>
<indexState>Primary Constraint</indexState>
<isSurrogateKey>false</isSurrogateKey>
<indexColumnUsage>
<colUsage columnID="E0D0455B-B751-9601-8B64-0BA00AC0B00E"/>
<colUsage columnID="E98BB43B-8C02-B1D9-7D86-B2E62CC88744"/>
</indexColumnUsage>
</ind_PK_UK>
<ind_PK_UK id="A330A513-2ED9-1506-F7AA-FFB3CDF87AB6" name="customer_fk">
<createdBy>mypc</createdBy>
<createdTime>2021-12-16 03:23:09 UTC</createdTime>
<generatorID>645B5FF2-278A-BC5D-9AC2-AF76DF5C5E1A</generatorID>
<ownerDesignName>쇼핑몰</ownerDesignName>
<indexState>Foreign Key</indexState>
<isSurrogateKey>false</isSurrogateKey>
<indexColumnUsage>
<colUsage columnID="E0D0455B-B751-9601-8B64-0BA00AC0B00E"/>
</indexColumnUsage>
</ind_PK_UK>
<ind_PK_UK id="A84800F6-14F4-205E-22EC-495842F1F757" name="product_fk">
<createdBy>mypc</createdBy>
<createdTime>2021-12-16 03:23:09 UTC</createdTime>
<generatorID>645B5FF2-278A-BC5D-9AC2-AF76DF5C5E1A</generatorID>
<ownerDesignName>쇼핑몰</ownerDesignName>
<indexState>Foreign Key</indexState>
<isSurrogateKey>false</isSurrogateKey>
<indexColumnUsage>
<colUsage columnID="E98BB43B-8C02-B1D9-7D86-B2E62CC88744"/>
</indexColumnUsage>
</ind_PK_UK>
</indexes>
</Table>