<?xml version = '1.0' encoding = 'UTF-8'?>
<Table class="oracle.dbtools.crest.model.design.relational.Table" directorySegmentName="seg_0" id="79EBE932-8715-39BF-6D27-0451859A657D" name="product">
<createdBy>mypc</createdBy>
<createdTime>2021-12-16 02:30:53 UTC</createdTime>
<generatorID>421E8C32-52E9-B485-7791-1598C34D37A1</generatorID>
<ownerDesignName>쇼핑몰</ownerDesignName>
<allowColumnReorder>false</allowColumnReorder>
<existDependencyGenerateInDDl>true</existDependencyGenerateInDDl>
<parsed>true</parsed>
<columns itemClass="oracle.dbtools.crest.model.design.relational.Column">
<Column name="pcode" id="A8E10F0E-FAB3-9CE4-2309-16080AA7D507">
<createdBy>mypc</createdBy>
<createdTime>2021-12-16 02:30:53 UTC</createdTime>
<generatorID>369DCB69-2EBE-8AE2-8D87-4D6E1791CE1C</generatorID>
<ownerDesignName>쇼핑몰</ownerDesignName>
<useDomainConstraints>false</useDomainConstraints>
<use>1</use>
<logicalDatatype>LOGDT024</logicalDatatype>
<dataTypeSize>20</dataTypeSize>
<ownDataTypeParameters>20,,</ownDataTypeParameters>
<autoIncrementCycle>false</autoIncrementCycle>
</Column>
<Column name="pname" id="67DEED50-3789-3367-F4DD-D335E06C3494">
<createdBy>mypc</createdBy>
<createdTime>2021-12-16 02:30:53 UTC</createdTime>
<generatorID>444BE761-E431-00A4-2D1C-67A33F8083B5</generatorID>
<ownerDesignName>쇼핑몰</ownerDesignName>
<nullsAllowed>true</nullsAllowed>
<useDomainConstraints>false</useDomainConstraints>
<use>1</use>
<logicalDatatype>LOGDT024</logicalDatatype>
<dataTypeSize>100</dataTypeSize>
<ownDataTypeParameters>100,,</ownDataTypeParameters>
<autoIncrementCycle>false</autoIncrementCycle>
</Column>
<Column name="price" id="BDC941CC-70BE-1A54-F530-F81041E535D5">
<createdBy>mypc</createdBy>
<createdTime>2021-12-16 02:30:53 UTC</createdTime>
<generatorID>5531F53E-ADDB-A07A-101E-0E4E2331B7F7</generatorID>
<ownerDesignName>쇼핑몰</ownerDesignName>
<nullsAllowed>true</nullsAllowed>
<useDomainConstraints>false</useDomainConstraints>
<use>1</use>
<logicalDatatype>LOGDT024</logicalDatatype>
<dataTypeSize>10</dataTypeSize>
<ownDataTypeParameters>10,,</ownDataTypeParameters>
<autoIncrementCycle>false</autoIncrementCycle>
</Column>
</columns>
<indexes itemClass="oracle.dbtools.crest.model.design.relational.Index">
<ind_PK_UK id="3213DD17-A699-9CD3-03D8-8A05507EBDC2" name="product_pk">
<createdBy>mypc</createdBy>
<createdTime>2021-12-16 02:30:53 UTC</createdTime>
<generatorID>A78A5F81-8CB7-D7A1-43D7-59C5403A0C9F</generatorID>
<ownerDesignName>쇼핑몰</ownerDesignName>
<pk>true</pk>
<indexState>Primary Constraint</indexState>
<isSurrogateKey>false</isSurrogateKey>
<indexColumnUsage>
<colUsage columnID="A8E10F0E-FAB3-9CE4-2309-16080AA7D507"/>
</indexColumnUsage>
</ind_PK_UK>
</indexes>
</Table>