<?xml version = '1.0' encoding = 'UTF-8'?>
<Table class="oracle.dbtools.crest.model.design.relational.Table" directorySegmentName="seg_0" id="A50BD944-03E0-CE28-ABBC-009AFAA4CAD2" name="orders">
<createdBy>mypc</createdBy>
<createdTime>2021-12-16 02:30:53 UTC</createdTime>
<ownerDesignName>쇼핑몰</ownerDesignName>
<usedAsRemoteObject>true</usedAsRemoteObject>
<ordsAlias>relation_12</ordsAlias>
<allowColumnReorder>false</allowColumnReorder>
<existDependencyGenerateInDDl>true</existDependencyGenerateInDDl>
<parsed>true</parsed>
<columns itemClass="oracle.dbtools.crest.model.design.relational.Column">
<Column name="oseq" id="46A9EA38-59B3-105B-816A-0C471B968423">
<createdBy>mypc</createdBy>
<createdTime>2021-12-16 03:09:20 UTC</createdTime>
<ownerDesignName>쇼핑몰</ownerDesignName>
<useDomainConstraints>false</useDomainConstraints>
<use>1</use>
<logicalDatatype>LOGDT019</logicalDatatype>
<dataTypePrecision>6</dataTypePrecision>
<ownDataTypeParameters>,6,</ownDataTypeParameters>
<autoIncrementCycle>false</autoIncrementCycle>
</Column>
<Column name="quantity" id="88EF75EF-5754-59DC-4F11-A72EF7F409F6">
<createdBy>mypc</createdBy>
<createdTime>2021-12-16 03:11:12 UTC</createdTime>
<ownerDesignName>쇼핑몰</ownerDesignName>
<nullsAllowed>true</nullsAllowed>
<useDomainConstraints>false</useDomainConstraints>
<use>1</use>
<logicalDatatype>LOGDT019</logicalDatatype>
<dataTypePrecision>10</dataTypePrecision>
<ownDataTypeParameters>,10,</ownDataTypeParameters>
<autoIncrementCycle>false</autoIncrementCycle>
</Column>
<Column name="indate" id="A57C9CF0-7D12-F6F3-28B6-7B89EB06EC4E">
<createdBy>mypc</createdBy>
<createdTime>2021-12-16 03:11:12 UTC</createdTime>
<ownerDesignName>쇼핑몰</ownerDesignName>
<nullsAllowed>true</nullsAllowed>
<useDomainConstraints>false</useDomainConstraints>
<use>1</use>
<logicalDatatype>LOGDT007</logicalDatatype>
<ownDataTypeParameters>,,</ownDataTypeParameters>
<autoIncrementCycle>false</autoIncrementCycle>
</Column>
<Column name="id" id="F8F83AFC-AA90-9519-34C6-C6369435DC4F">
<createdBy>mypc</createdBy>
<createdTime>2021-12-16 02:30:53 UTC</createdTime>
<ownerDesignName>쇼핑몰</ownerDesignName>
<useDomainConstraints>false</useDomainConstraints>
<use>1</use>
<logicalDatatype>LOGDT024</logicalDatatype>
<dataTypeSize>20</dataTypeSize>
<ownDataTypeParameters>20,,</ownDataTypeParameters>
<previousColumn>false</previousColumn>
<autoIncrementCycle>false</autoIncrementCycle>
<associations>
<colAssociation fkAssociation="E4FFDCCA-12F2-0FB4-8C6C-A0C1C2858507" referredColumn="91CB9741-84A4-E8D8-6366-C15CCEE47CD5"/>
</associations>
</Column>
<Column name="pcode" id="D1BC83C3-64EE-E66E-4F07-A240C52CA1EC">
<createdBy>mypc</createdBy>
<createdTime>2021-12-16 02:30:53 UTC</createdTime>
<ownerDesignName>쇼핑몰</ownerDesignName>
<useDomainConstraints>false</useDomainConstraints>
<use>1</use>
<logicalDatatype>LOGDT024</logicalDatatype>
<dataTypeSize>20</dataTypeSize>
<ownDataTypeParameters>20,,</ownDataTypeParameters>
<previousColumn>false</previousColumn>
<autoIncrementCycle>false</autoIncrementCycle>
<associations>
<colAssociation fkAssociation="42A89422-93E1-6245-8ADA-8F45C5581964" referredColumn="A8E10F0E-FAB3-9CE4-2309-16080AA7D507"/>
</associations>
</Column>
</columns>
<indexes itemClass="oracle.dbtools.crest.model.design.relational.Index">
<ind_PK_UK id="A3F29EF8-9B92-69B5-B7C7-504C46BF0302" name="Relation_12_PK">
<createdBy>mypc</createdBy>
<createdTime>2021-12-16 02:30:53 UTC</createdTime>
<ownerDesignName>쇼핑몰</ownerDesignName>
<pk>true</pk>
<indexState>Primary Constraint</indexState>
<isSurrogateKey>false</isSurrogateKey>
<indexColumnUsage>
<colUsage columnID="F8F83AFC-AA90-9519-34C6-C6369435DC4F"/>
<colUsage columnID="D1BC83C3-64EE-E66E-4F07-A240C52CA1EC"/>
</indexColumnUsage>
</ind_PK_UK>
<ind_PK_UK id="FFEAB091-A029-F01D-410A-8C0E54000756" name="customer_fk">
<createdBy>mypc</createdBy>
<createdTime>2021-12-16 02:30:53 UTC</createdTime>
<generatorID>645B5FF2-278A-BC5D-9AC2-AF76DF5C5E1A</generatorID>
<ownerDesignName>쇼핑몰</ownerDesignName>
<indexState>Foreign Key</indexState>
<isSurrogateKey>false</isSurrogateKey>
<indexColumnUsage>
<colUsage columnID="F8F83AFC-AA90-9519-34C6-C6369435DC4F"/>
</indexColumnUsage>
</ind_PK_UK>
<ind_PK_UK id="19EB804B-3DE7-4895-031A-255F2CD4ECC9" name="product_fk">
<createdBy>mypc</createdBy>
<createdTime>2021-12-16 02:30:53 UTC</createdTime>
<generatorID>645B5FF2-278A-BC5D-9AC2-AF76DF5C5E1A</generatorID>
<ownerDesignName>쇼핑몰</ownerDesignName>
<indexState>Foreign Key</indexState>
<isSurrogateKey>false</isSurrogateKey>
<indexColumnUsage>
<colUsage columnID="D1BC83C3-64EE-E66E-4F07-A240C52CA1EC"/>
</indexColumnUsage>
</ind_PK_UK>
</indexes>
</Table>