<?xml version = '1.0' encoding = 'UTF-8'?>
<Table class="oracle.dbtools.crest.model.design.relational.Table" directorySegmentName="seg_0" id="D3693E26-33E5-A228-7A95-C0A0ED84B96F" name="부서">
<createdBy>mypc</createdBy>
<createdTime>2021-12-16 02:30:53 UTC</createdTime>
<generatorID>65BBD59A-A026-94B6-60B4-B3ECAEDC50D8</generatorID>
<ownerDesignName>쇼핑몰</ownerDesignName>
<allowColumnReorder>false</allowColumnReorder>
<existDependencyGenerateInDDl>true</existDependencyGenerateInDDl>
<parsed>true</parsed>
<columns itemClass="oracle.dbtools.crest.model.design.relational.Column">
<Column name="부서번호" id="5A3CF844-8A48-DC52-DF1E-1E419EC4B232">
<createdBy>mypc</createdBy>
<createdTime>2021-12-16 02:30:53 UTC</createdTime>
<generatorID>6FE4E526-80DD-5A99-F0F2-5FAB1CEE6024</generatorID>
<ownerDesignName>쇼핑몰</ownerDesignName>
<useDomainConstraints>false</useDomainConstraints>
<use>1</use>
<ownDataTypeParameters>,,</ownDataTypeParameters>
<autoIncrementCycle>false</autoIncrementCycle>
</Column>
<Column name="부서명" id="07621893-5B4D-BE50-9B6A-4E57DB740793">
<createdBy>mypc</createdBy>
<createdTime>2021-12-16 02:30:53 UTC</createdTime>
<generatorID>8E347762-B69D-2525-17E9-EF9027AA434F</generatorID>
<ownerDesignName>쇼핑몰</ownerDesignName>
<nullsAllowed>true</nullsAllowed>
<use>0</use>
<ownDataTypeParameters>,,</ownDataTypeParameters>
<autoIncrementCycle>false</autoIncrementCycle>
</Column>
<Column name="지역명" id="637357A7-21C6-AE32-4C7D-ACD7C8D6D50C">
<createdBy>mypc</createdBy>
<createdTime>2021-12-16 02:30:53 UTC</createdTime>
<generatorID>DEF47603-E872-24A2-623A-D71DE198EEF1</generatorID>
<ownerDesignName>쇼핑몰</ownerDesignName>
<nullsAllowed>true</nullsAllowed>
<use>0</use>
<ownDataTypeParameters>,,</ownDataTypeParameters>
<autoIncrementCycle>false</autoIncrementCycle>
</Column>
</columns>
<indexes itemClass="oracle.dbtools.crest.model.design.relational.Index">
<ind_PK_UK id="6C488FF9-F407-B0BB-FF09-0CD66B1B8A69" name="부서_PK">
<createdBy>mypc</createdBy>
<createdTime>2021-12-16 02:30:53 UTC</createdTime>
<generatorID>05E377C1-F848-6F0C-120E-6D99867A5885</generatorID>
<ownerDesignName>쇼핑몰</ownerDesignName>
<pk>true</pk>
<indexState>Primary Constraint</indexState>
<isSurrogateKey>false</isSurrogateKey>
<indexColumnUsage>
<colUsage columnID="5A3CF844-8A48-DC52-DF1E-1E419EC4B232"/>
</indexColumnUsage>
</ind_PK_UK>
</indexes>
</Table>