<?xml version = '1.0' encoding = 'UTF-8'?>
<Diagram class="oracle.dbtools.crest.swingui.relational.DPVRelational" name="Relational_1" id="42A73754-B951-34B4-AB22-321060EE14C5">
<createdBy>mypc</createdBy>
<modifiedBy>mypc</modifiedBy>
<createdTime>2021-12-16 02:29:18 UTC</createdTime>
<autoRoute>false</autoRoute>
<boxInbox>true</boxInbox>
<showLegend>false</showLegend>
<showLabels>false</showLabels>
<showRelAttributes>false</showRelAttributes>
<gridEnabled>false</gridEnabled>
<showGrid>false</showGrid>
<diagramColor>-1</diagramColor>
<display>false</display>
<notation>1</notation>
<objectViews>
<OView class="oracle.dbtools.crest.swingui.relational.TVTable" oid="620AB46E-D26F-64C6-64E8-E5B6E271F643" otype="Table" vid="BBF081AD-BFE8-2C64-4A63-6D01E0E3F1C7">
<hideElementsInCurrentOnly>false</hideElementsInCurrentOnly>
<bounds x="16" y="185" width="170" height="168"/>
</OView>
<OView class="oracle.dbtools.crest.swingui.relational.TVTable" oid="79EBE932-8715-39BF-6D27-0451859A657D" otype="Table" vid="460C255E-4328-A004-89AD-0E88CB3BF296">
<hideElementsInCurrentOnly>false</hideElementsInCurrentOnly>
<bounds x="460" y="189" width="170" height="110"/>
</OView>
<OView class="oracle.dbtools.crest.swingui.relational.TVTable" oid="A50BD944-03E0-CE28-ABBC-009AFAA4CAD2" otype="Table" vid="2C739E0F-9416-374C-9A14-4B90E39A8293">
<hideElementsInCurrentOnly>false</hideElementsInCurrentOnly>
<bounds x="241" y="285" width="170" height="168"/>
</OView>
<OView class="oracle.dbtools.crest.swingui.relational.TVTable" oid="A6DD4342-C790-6FD5-9E0A-05C3B5E851C0" otype="Table" vid="C0D4F931-3E0D-CFC5-F4D9-CCAFE751D86D">
<hideElementsInCurrentOnly>false</hideElementsInCurrentOnly>
<bounds x="255" y="6" width="170" height="173"/>
</OView>
<OView class="oracle.dbtools.crest.swingui.relational.TVTable" oid="D3693E26-33E5-A228-7A95-C0A0ED84B96F" otype="Table" vid="B4947F17-D017-2021-8711-51355B005BE8">
<hideElementsInCurrentOnly>false</hideElementsInCurrentOnly>
<bounds x="25" y="13" width="124" height="109"/>
</OView>
</objectViews>
<connectors>
<Connector class="oracle.dbtools.crest.swingui.relational.TVFKRelation" oid="0189175C-0398-F75F-C7D6-88E6B872A6C3" otype="FKIndexAssociation" vid_source="B4947F17-D017-2021-8711-51355B005BE8" vid_target="C0D4F931-3E0D-CFC5-F4D9-CCAFE751D86D">
<hideElementsInCurrentOnly>false</hideElementsInCurrentOnly>
<backgroundColor>-16777216</backgroundColor>
<lineWidth>1</lineWidth>
<points>
<point x="149" y="22"/>
<point x="255" y="22"/>
</points>
</Connector>
<Connector class="oracle.dbtools.crest.swingui.relational.TVFKRelation" oid="42A89422-93E1-6245-8ADA-8F45C5581964" otype="FKIndexAssociation" vid_source="460C255E-4328-A004-89AD-0E88CB3BF296" vid_target="2C739E0F-9416-374C-9A14-4B90E39A8293">
<hideElementsInCurrentOnly>false</hideElementsInCurrentOnly>
<backgroundColor>-16777216</backgroundColor>
<lineWidth>1</lineWidth>
<points>
<point x="460" y="292"/>
<point x="411" y="292"/>
</points>
</Connector>
<Connector class="oracle.dbtools.crest.swingui.relational.TVFKRelation" oid="E4FFDCCA-12F2-0FB4-8C6C-A0C1C2858507" otype="FKIndexAssociation" vid_source="BBF081AD-BFE8-2C64-4A63-6D01E0E3F1C7" vid_target="2C739E0F-9416-374C-9A14-4B90E39A8293">
<hideElementsInCurrentOnly>false</hideElementsInCurrentOnly>
<backgroundColor>-16777216</backgroundColor>
<lineWidth>1</lineWidth>
<points>
<point x="186" y="319"/>
<point x="241" y="319"/>
</points>
</Connector>
</connectors>
</Diagram>