<?xml version = '1.0' encoding = 'UTF-8'?>
<Table class="oracle.dbtools.crest.model.design.relational.Table" directorySegmentName="seg_0" id="06E4CF61-E8EE-AC3A-BFB6-EDBA0E9C5F68" name="movie">
<createdBy>mypc</createdBy>
<createdTime>2021-12-16 06:51:22 UTC</createdTime>
<generatorID>2B8CC9A0-D79D-5508-CEDB-FB948BF4D813</generatorID>
<ownerDesignName>영화예매</ownerDesignName>
<allowColumnReorder>false</allowColumnReorder>
<existDependencyGenerateInDDl>true</existDependencyGenerateInDDl>
<parsed>true</parsed>
<columns itemClass="oracle.dbtools.crest.model.design.relational.Column">
<Column name="movie_no" id="CFC30A1E-908C-DB2C-D96F-87AD87AA41E1">
<createdBy>mypc</createdBy>
<createdTime>2021-12-16 06:51:22 UTC</createdTime>
<commentInRDBMS><![CDATA[영화번호]]></commentInRDBMS>
<generatorID>3383C5A4-FEEA-BA75-EDA6-43CB92F1E149</generatorID>
<ownerDesignName>영화예매</ownerDesignName>
<use>0</use>
<logicalDatatype>LOGDT019</logicalDatatype>
<domain>74A7D70A-A4BE-0B06-2D14-29F39E1010A2</domain>
<ownDataTypeParameters>,,</ownDataTypeParameters>
<autoIncrementCycle>false</autoIncrementCycle>
</Column>
<Column name="movie_title" id="A2F2C3A5-B86E-B955-65E0-A5491DA357AF">
<createdBy>mypc</createdBy>
<createdTime>2021-12-16 06:51:22 UTC</createdTime>
<commentInRDBMS><![CDATA[영화제목]]></commentInRDBMS>
<generatorID>2608398D-4EBB-CADC-97F1-BEF722A31818</generatorID>
<ownerDesignName>영화예매</ownerDesignName>
<nullsAllowed>true</nullsAllowed>
<useDomainConstraints>false</useDomainConstraints>
<use>1</use>
<logicalDatatype>LOGDT024</logicalDatatype>
<dataTypeSize>100</dataTypeSize>
<ownDataTypeParameters>100,,</ownDataTypeParameters>
<autoIncrementCycle>false</autoIncrementCycle>
</Column>
<Column name="director" id="03C6A743-A835-FC54-A0BB-E66789E369C6">
<createdBy>mypc</createdBy>
<createdTime>2021-12-16 06:51:22 UTC</createdTime>
<commentInRDBMS><![CDATA[감독]]></commentInRDBMS>
<generatorID>634D1BEB-A53E-8443-A20D-32F30A6E221A</generatorID>
<ownerDesignName>영화예매</ownerDesignName>
<nullsAllowed>true</nullsAllowed>
<useDomainConstraints>false</useDomainConstraints>
<use>1</use>
<logicalDatatype>LOGDT024</logicalDatatype>
<dataTypeSize>20</dataTypeSize>
<ownDataTypeParameters>20,,</ownDataTypeParameters>
<autoIncrementCycle>false</autoIncrementCycle>
</Column>
<Column name="actor" id="53132556-30C7-868E-2531-996EA029E1EE">
<createdBy>mypc</createdBy>
<createdTime>2021-12-16 06:51:22 UTC</createdTime>
<commentInRDBMS><![CDATA[주연배우]]></commentInRDBMS>
<generatorID>4B8DC3B0-8F20-DE5A-E21A-2F8D36ACE489</generatorID>
<ownerDesignName>영화예매</ownerDesignName>
<nullsAllowed>true</nullsAllowed>
<useDomainConstraints>false</useDomainConstraints>
<use>1</use>
<logicalDatatype>LOGDT024</logicalDatatype>
<dataTypeSize>20</dataTypeSize>
<ownDataTypeParameters>20,,</ownDataTypeParameters>
<autoIncrementCycle>false</autoIncrementCycle>
</Column>
</columns>
<indexes itemClass="oracle.dbtools.crest.model.design.relational.Index">
<ind_PK_UK id="CBE3AD7D-E9F6-4DCC-ADAC-A8ACB7ABD384" name="movie_pk">
<createdBy>mypc</createdBy>
<createdTime>2021-12-16 06:51:22 UTC</createdTime>
<generatorID>39C5B8F7-8608-7D9B-4DD3-AE6D2EA8E55C</generatorID>
<ownerDesignName>영화예매</ownerDesignName>
<pk>true</pk>
<indexState>Primary Constraint</indexState>
<isSurrogateKey>false</isSurrogateKey>
<indexColumnUsage>
<colUsage columnID="CFC30A1E-908C-DB2C-D96F-87AD87AA41E1"/>
</indexColumnUsage>
</ind_PK_UK>
</indexes>
</Table>
