<?xml version = '1.0' encoding = 'UTF-8'?>
<Table class="oracle.dbtools.crest.model.design.relational.Table" directorySegmentName="seg_0" id="42687ED7-D1B8-FECA-3C84-F070A0E5B44A" name="refund">
<createdBy>mypc</createdBy>
<createdTime>2021-12-16 06:51:22 UTC</createdTime>
<generatorID>687CEA00-440D-31E3-DE0D-5AD02752CF52</generatorID>
<ownerDesignName>영화예매</ownerDesignName>
<allowColumnReorder>false</allowColumnReorder>
<existDependencyGenerateInDDl>true</existDependencyGenerateInDDl>
<parsed>true</parsed>
<columns itemClass="oracle.dbtools.crest.model.design.relational.Column">
<Column name="refund_no" id="DEC2DDB9-D12D-9DC3-D591-FD101CFB2A78">
<createdBy>mypc</createdBy>
<createdTime>2021-12-16 06:51:22 UTC</createdTime>
<commentInRDBMS><![CDATA[환불번호]]></commentInRDBMS>
<generatorID>9AA4AAE1-3533-C194-2A40-2AFE769EA016</generatorID>
<ownerDesignName>영화예매</ownerDesignName>
<use>0</use>
<logicalDatatype>LOGDT019</logicalDatatype>
<domain>CFD15168-3620-2CAF-7F52-095C24FAC864</domain>
<ownDataTypeParameters>,,</ownDataTypeParameters>
<autoIncrementCycle>false</autoIncrementCycle>
</Column>
<Column name="refund_charge" id="9CD0DB76-BC3C-621D-E283-4DE3B215DBFD">
<createdBy>mypc</createdBy>
<createdTime>2021-12-16 06:51:22 UTC</createdTime>
<commentInRDBMS><![CDATA[환불금액]]></commentInRDBMS>
<generatorID>1C632B08-44DF-BA14-35F8-2D5927760BD4</generatorID>
<ownerDesignName>영화예매</ownerDesignName>
<nullsAllowed>true</nullsAllowed>
<useDomainConstraints>false</useDomainConstraints>
<use>1</use>
<logicalDatatype>LOGDT019</logicalDatatype>
<dataTypePrecision>16</dataTypePrecision>
<ownDataTypeParameters>,16,</ownDataTypeParameters>
<autoIncrementCycle>false</autoIncrementCycle>
</Column>
<Column name="cancel_method" id="47BF0C78-605F-85AE-D8F3-CE8C5C3BF299">
<createdBy>mypc</createdBy>
<createdTime>2021-12-16 06:51:22 UTC</createdTime>
<commentInRDBMS><![CDATA[취소방법]]></commentInRDBMS>
<generatorID>3A2231A5-0B0A-7D01-A416-7C09F16AFD6C</generatorID>
<ownerDesignName>영화예매</ownerDesignName>
<constraintComment><![CDATA[부분 : 1
전체 : 2 ]]></constraintComment>
<constraintName>refund_cancel_method_ck</constraintName>
<constraintNotes><![CDATA[부분 : 1
전체 : 2 ]]></constraintNotes>
<nullsAllowed>true</nullsAllowed>
<useDomainConstraints>false</useDomainConstraints>
<use>1</use>
<logicalDatatype>LOGDT024</logicalDatatype>
<dataTypeSize>20</dataTypeSize>
<listOfValues>
<valueDef value="1" description="부분"/>
<valueDef value="2" description="전체"/>
</listOfValues>
<ownDataTypeParameters>20,,</ownDataTypeParameters>
<autoIncrementCycle>false</autoIncrementCycle>
</Column>
</columns>
<indexes itemClass="oracle.dbtools.crest.model.design.relational.Index">
<ind_PK_UK id="25EF28A9-E733-CD28-6968-9CF59E8D4244" name="refund_pk">
<createdBy>mypc</createdBy>
<createdTime>2021-12-16 06:51:22 UTC</createdTime>
<generatorID>1E59AC23-E227-0870-64F7-839A90A5B9C3</generatorID>
<ownerDesignName>영화예매</ownerDesignName>
<pk>true</pk>
<indexState>Primary Constraint</indexState>
<isSurrogateKey>false</isSurrogateKey>
<indexColumnUsage>
<colUsage columnID="DEC2DDB9-D12D-9DC3-D591-FD101CFB2A78"/>
</indexColumnUsage>
</ind_PK_UK>
</indexes>
</Table>
