<?xml version = '1.0' encoding = 'UTF-8'?>
<Table class="oracle.dbtools.crest.model.design.relational.Table" directorySegmentName="seg_0" id="47B64EA2-F70F-0955-A3A3-41844E305316" name="seat">
<createdBy>mypc</createdBy>
<createdTime>2021-12-16 06:51:22 UTC</createdTime>
<generatorID>269E8111-308F-FA6B-3694-72386D06DC47</generatorID>
<ownerDesignName>영화예매</ownerDesignName>
<allowColumnReorder>false</allowColumnReorder>
<existDependencyGenerateInDDl>true</existDependencyGenerateInDDl>
<parsed>true</parsed>
<columns itemClass="oracle.dbtools.crest.model.design.relational.Column">
<Column name="seat_no" id="A7BE7CDA-66F8-D5AC-6636-D181768D307E">
<createdBy>mypc</createdBy>
<createdTime>2021-12-16 06:51:22 UTC</createdTime>
<commentInRDBMS><![CDATA[좌석번호]]></commentInRDBMS>
<generatorID>775925DB-01DA-03F0-462F-157DF7E79C74</generatorID>
<ownerDesignName>영화예매</ownerDesignName>
<use>0</use>
<logicalDatatype>LOGDT019</logicalDatatype>
<domain>B48D7FAD-BB96-EC38-5134-EEE4DE674002</domain>
<ownDataTypeParameters>,,</ownDataTypeParameters>
<autoIncrementCycle>false</autoIncrementCycle>
</Column>
<Column name="row" id="A8188D5D-887C-D5AA-7448-D743DD5DFBF8">
<createdBy>mypc</createdBy>
<createdTime>2021-12-16 06:51:22 UTC</createdTime>
<commentInRDBMS><![CDATA[행]]></commentInRDBMS>
<generatorID>95609264-35C0-21B3-4668-73BC548CA794</generatorID>
<ownerDesignName>영화예매</ownerDesignName>
<nullsAllowed>true</nullsAllowed>
<useDomainConstraints>false</useDomainConstraints>
<use>1</use>
<logicalDatatype>LOGDT019</logicalDatatype>
<dataTypePrecision>6</dataTypePrecision>
<ownDataTypeParameters>,6,</ownDataTypeParameters>
<autoIncrementCycle>false</autoIncrementCycle>
</Column>
<Column name="col" id="C5ED3891-6348-C7C8-2AC1-CE723FD6A0F9">
<createdBy>mypc</createdBy>
<createdTime>2021-12-16 06:51:22 UTC</createdTime>
<commentInRDBMS><![CDATA[열]]></commentInRDBMS>
<generatorID>0F026BB4-04EA-504E-1C66-5527BD4E4535</generatorID>
<ownerDesignName>영화예매</ownerDesignName>
<nullsAllowed>true</nullsAllowed>
<useDomainConstraints>false</useDomainConstraints>
<use>1</use>
<logicalDatatype>LOGDT019</logicalDatatype>
<dataTypePrecision>6</dataTypePrecision>
<ownDataTypeParameters>,6,</ownDataTypeParameters>
<autoIncrementCycle>false</autoIncrementCycle>
</Column>
<Column name="assign_yn" id="D8D531F9-6C18-A614-681D-E5907BE4A91E">
<createdBy>mypc</createdBy>
<createdTime>2021-12-16 06:51:22 UTC</createdTime>
<commentInRDBMS><![CDATA[좌석배정유무]]></commentInRDBMS>
<generatorID>C7C97EFB-9BF9-6201-08A2-37B95A88BE4B</generatorID>
<ownerDesignName>영화예매</ownerDesignName>
<constraintComment><![CDATA[기본값 : n
좌석배정 : y
좌석미배정 : n]]></constraintComment>
<constraintName>seat_assign_yn_ck</constraintName>
<constraintNotes><![CDATA[기본값 : n
좌석배정 : y
좌석미배정 : n]]></constraintNotes>
<nullsAllowed>true</nullsAllowed>
<useDomainConstraints>false</useDomainConstraints>
<use>1</use>
<logicalDatatype>LOGDT024</logicalDatatype>
<dataTypeSize>1</dataTypeSize>
<listOfValues>
<valueDef value="n" description="좌석미배정"/>
<valueDef value="y" description="좌석배정"/>
</listOfValues>
<ownDataTypeParameters>1,,</ownDataTypeParameters>
<autoIncrementCycle>false</autoIncrementCycle>
</Column>
<Column name="screen_no" id="F72DC0A4-83C9-C3B6-B464-1C8E99BDF774">
<createdBy>mypc</createdBy>
<createdTime>2021-12-16 06:51:22 UTC</createdTime>
<commentInRDBMS><![CDATA[상영관번호]]></commentInRDBMS>
<generatorID>997C94C9-3A3C-34A2-E37E-774002F23147</generatorID>
<ownerDesignName>영화예매</ownerDesignName>
<use>0</use>
<logicalDatatype>LOGDT019</logicalDatatype>
<domain>BDC812AB-FBFE-73A0-7A4C-DC2C39AC67AC</domain>
<ownDataTypeParameters>,,</ownDataTypeParameters>
<previousColumn>false</previousColumn>
<autoIncrementCycle>false</autoIncrementCycle>
<associations>
<colAssociation fkAssociation="1DAD9BDD-5644-1477-06D4-77B6A49F691E" referredColumn="08F01AE4-622B-186D-E5FE-4198A5B040B1"/>
</associations>
</Column>
<Column name="theater_no" id="52AAD6FF-2C10-975B-B3E5-8CB628C930A5">
<createdBy>mypc</createdBy>
<createdTime>2021-12-16 06:51:22 UTC</createdTime>
<commentInRDBMS><![CDATA[극장번호]]></commentInRDBMS>
<generatorID>69F86535-9ADE-4309-C720-0BAD04F1AC81</generatorID>
<ownerDesignName>영화예매</ownerDesignName>
<use>0</use>
<logicalDatatype>LOGDT019</logicalDatatype>
<domain>D0DF8686-B9BB-75FE-818E-04CDED2FD2E8</domain>
<ownDataTypeParameters>,,</ownDataTypeParameters>
<previousColumn>false</previousColumn>
<autoIncrementCycle>false</autoIncrementCycle>
<associations>
<colAssociation fkAssociation="1DAD9BDD-5644-1477-06D4-77B6A49F691E" referredColumn="9249FB2C-D742-01B1-985D-0502AA909680"/>
</associations>
</Column>
</columns>
<indexes itemClass="oracle.dbtools.crest.model.design.relational.Index">
<ind_PK_UK id="1E70A2E4-9891-EEA3-9EFE-72536CDE29B3" name="seat_pk">
<createdBy>mypc</createdBy>
<createdTime>2021-12-16 06:51:22 UTC</createdTime>
<generatorID>5799BE12-8AD0-E493-7EA7-2F6609EA02A4</generatorID>
<ownerDesignName>영화예매</ownerDesignName>
<pk>true</pk>
<indexState>Primary Constraint</indexState>
<isSurrogateKey>false</isSurrogateKey>
<indexColumnUsage>
<colUsage columnID="A7BE7CDA-66F8-D5AC-6636-D181768D307E"/>
<colUsage columnID="F72DC0A4-83C9-C3B6-B464-1C8E99BDF774"/>
<colUsage columnID="52AAD6FF-2C10-975B-B3E5-8CB628C930A5"/>
</indexColumnUsage>
</ind_PK_UK>
<ind_PK_UK id="363FE080-EFF1-F4F0-7F3C-01E1A03DDD5E" name="screen_seat_fk">
<createdBy>mypc</createdBy>
<createdTime>2021-12-16 06:51:22 UTC</createdTime>
<generatorID>FE14CF8F-442A-ACD4-A05C-CCDE4EBB9177</generatorID>
<ownerDesignName>영화예매</ownerDesignName>
<indexState>Foreign Key</indexState>
<isSurrogateKey>false</isSurrogateKey>
<indexColumnUsage>
<colUsage columnID="F72DC0A4-83C9-C3B6-B464-1C8E99BDF774"/>
<colUsage columnID="52AAD6FF-2C10-975B-B3E5-8CB628C930A5"/>
</indexColumnUsage>
</ind_PK_UK>
</indexes>
</Table>
