<?xml version = '1.0' encoding = 'UTF-8'?>
<Table class="oracle.dbtools.crest.model.design.relational.Table" directorySegmentName="seg_0" id="6D583EC9-1622-BA11-0FFF-506C5892EFCE" name="ticket">
<createdBy>mypc</createdBy>
<createdTime>2021-12-16 06:51:22 UTC</createdTime>
<generatorID>CC06E1E8-53A0-A486-0982-AA8D6B7AFE4C</generatorID>
<ownerDesignName>영화예매</ownerDesignName>
<allowColumnReorder>false</allowColumnReorder>
<existDependencyGenerateInDDl>true</existDependencyGenerateInDDl>
<parsed>true</parsed>
<columns itemClass="oracle.dbtools.crest.model.design.relational.Column">
<Column name="ticket_no" id="A0FC975B-05A8-8610-DFA4-B4F4B75FB21E">
<createdBy>mypc</createdBy>
<createdTime>2021-12-16 06:51:22 UTC</createdTime>
<commentInRDBMS><![CDATA[영화표번호]]></commentInRDBMS>
<generatorID>ADA5125F-5E39-5A69-DF66-DCF7CD76890D</generatorID>
<ownerDesignName>영화예매</ownerDesignName>
<use>0</use>
<logicalDatatype>LOGDT019</logicalDatatype>
<domain>500DD966-72DA-9E83-B4B4-AD5015C078D4</domain>
<ownDataTypeParameters>,,</ownDataTypeParameters>
<autoIncrementCycle>false</autoIncrementCycle>
</Column>
<Column name="seat_no" id="48140306-52A3-CBBE-7947-FAF82894249F">
<createdBy>mypc</createdBy>
<createdTime>2021-12-16 06:51:22 UTC</createdTime>
<commentInRDBMS><![CDATA[좌석번호]]></commentInRDBMS>
<generatorID>AE4AFEFE-A240-4F5D-D610-AFF5F5A3A955</generatorID>
<ownerDesignName>영화예매</ownerDesignName>
<use>0</use>
<logicalDatatype>LOGDT019</logicalDatatype>
<domain>B48D7FAD-BB96-EC38-5134-EEE4DE674002</domain>
<ownDataTypeParameters>,,</ownDataTypeParameters>
<previousColumn>false</previousColumn>
<autoIncrementCycle>false</autoIncrementCycle>
<associations>
<colAssociation fkAssociation="32F0BCD2-5DD3-844C-E1B7-552710A4894D" referredColumn="A7BE7CDA-66F8-D5AC-6636-D181768D307E"/>
</associations>
</Column>
<Column name="screen_no" id="5BBC4534-864C-1387-BF43-FF72874E733A">
<createdBy>mypc</createdBy>
<createdTime>2021-12-16 06:51:22 UTC</createdTime>
<commentInRDBMS><![CDATA[상영관번호]]></commentInRDBMS>
<generatorID>2B38657B-2D01-5EB8-C516-CD8D637C576C</generatorID>
<ownerDesignName>영화예매</ownerDesignName>
<use>0</use>
<logicalDatatype>LOGDT019</logicalDatatype>
<domain>BDC812AB-FBFE-73A0-7A4C-DC2C39AC67AC</domain>
<ownDataTypeParameters>,,</ownDataTypeParameters>
<previousColumn>false</previousColumn>
<autoIncrementCycle>false</autoIncrementCycle>
<associations>
<colAssociation fkAssociation="32F0BCD2-5DD3-844C-E1B7-552710A4894D" referredColumn="F72DC0A4-83C9-C3B6-B464-1C8E99BDF774"/>
</associations>
</Column>
<Column name="theater_no" id="CDB4954A-FB56-DE55-90E8-587C9B4A961D">
<createdBy>mypc</createdBy>
<createdTime>2021-12-16 06:51:22 UTC</createdTime>
<commentInRDBMS><![CDATA[극장번호]]></commentInRDBMS>
<generatorID>3AB05681-5752-FA96-10DC-D47B22BC6D00</generatorID>
<ownerDesignName>영화예매</ownerDesignName>
<use>0</use>
<logicalDatatype>LOGDT019</logicalDatatype>
<domain>D0DF8686-B9BB-75FE-818E-04CDED2FD2E8</domain>
<ownDataTypeParameters>,,</ownDataTypeParameters>
<previousColumn>false</previousColumn>
<autoIncrementCycle>false</autoIncrementCycle>
<associations>
<colAssociation fkAssociation="32F0BCD2-5DD3-844C-E1B7-552710A4894D" referredColumn="52AAD6FF-2C10-975B-B3E5-8CB628C930A5"/>
</associations>
</Column>
<Column name="schedule_no" id="F80822DD-246C-4F86-AE1B-70479903B326">
<createdBy>mypc</createdBy>
<createdTime>2021-12-16 06:51:22 UTC</createdTime>
<commentInRDBMS><![CDATA[상영일정번호]]></commentInRDBMS>
<generatorID>ED5DC25F-92E5-597D-1713-BD1647687661</generatorID>
<ownerDesignName>영화예매</ownerDesignName>
<use>0</use>
<logicalDatatype>LOGDT019</logicalDatatype>
<domain>BE78AA20-6431-6FAE-7C78-4C6B0675D310</domain>
<ownDataTypeParameters>,,</ownDataTypeParameters>
<previousColumn>false</previousColumn>
<autoIncrementCycle>false</autoIncrementCycle>
<associations>
<colAssociation fkAssociation="57A610B6-7CCB-B26D-8C22-2A10D616ECE4" referredColumn="930B6115-89BC-47D9-415E-C61A32811B4A"/>
</associations>
</Column>
</columns>
<indexes itemClass="oracle.dbtools.crest.model.design.relational.Index">
<ind_PK_UK id="1755E6FE-ADCD-3660-1F8E-5056101DDA04" name="ticket_pk">
<createdBy>mypc</createdBy>
<createdTime>2021-12-16 06:51:22 UTC</createdTime>
<generatorID>6C0B2DBB-14FE-EC5B-8448-5FDCEBC011AE</generatorID>
<ownerDesignName>영화예매</ownerDesignName>
<pk>true</pk>
<indexState>Primary Constraint</indexState>
<isSurrogateKey>false</isSurrogateKey>
<indexColumnUsage>
<colUsage columnID="A0FC975B-05A8-8610-DFA4-B4F4B75FB21E"/>
</indexColumnUsage>
</ind_PK_UK>
<ind_PK_UK id="45055055-9329-14E6-C956-5BC0F0F5B169" name="ticket_schedule_fk">
<createdBy>mypc</createdBy>
<createdTime>2021-12-16 06:51:22 UTC</createdTime>
<generatorID>F540ED4F-942E-9209-221C-AAD636006A1A</generatorID>
<ownerDesignName>영화예매</ownerDesignName>
<indexState>Foreign Key</indexState>
<isSurrogateKey>false</isSurrogateKey>
<indexColumnUsage>
<colUsage columnID="F80822DD-246C-4F86-AE1B-70479903B326"/>
</indexColumnUsage>
</ind_PK_UK>
<ind_PK_UK id="00DDCCF8-1ECD-2896-3EEB-4642B1D52BB0" name="ticket_seat_fk">
<createdBy>mypc</createdBy>
<createdTime>2021-12-16 06:51:22 UTC</createdTime>
<generatorID>7ACA0FB9-EFC7-3930-69A1-3224E6E103C8</generatorID>
<ownerDesignName>영화예매</ownerDesignName>
<indexState>Foreign Key</indexState>
<isSurrogateKey>false</isSurrogateKey>
<indexColumnUsage>
<colUsage columnID="48140306-52A3-CBBE-7947-FAF82894249F"/>
<colUsage columnID="5BBC4534-864C-1387-BF43-FF72874E733A"/>
<colUsage columnID="CDB4954A-FB56-DE55-90E8-587C9B4A961D"/>
</indexColumnUsage>
</ind_PK_UK>
</indexes>
</Table>
