<?xml version = '1.0' encoding = 'UTF-8'?>
<Table class="oracle.dbtools.crest.model.design.relational.Table" directorySegmentName="seg_0" id="90CE4D31-7871-3E43-DCF5-1FAB813339FA" name="screen">
<createdBy>mypc</createdBy>
<createdTime>2021-12-16 06:51:22 UTC</createdTime>
<generatorID>DC21688B-E184-5603-7AC3-E0EF1DC64417</generatorID>
<ownerDesignName>영화예매</ownerDesignName>
<allowColumnReorder>false</allowColumnReorder>
<existDependencyGenerateInDDl>true</existDependencyGenerateInDDl>
<parsed>true</parsed>
<columns itemClass="oracle.dbtools.crest.model.design.relational.Column">
<Column name="screen_no" id="08F01AE4-622B-186D-E5FE-4198A5B040B1">
<createdBy>mypc</createdBy>
<createdTime>2021-12-16 06:51:22 UTC</createdTime>
<commentInRDBMS><![CDATA[상영관번호]]></commentInRDBMS>
<generatorID>AE8FA0C5-86C3-6D4C-8A08-A69EE281D440</generatorID>
<ownerDesignName>영화예매</ownerDesignName>
<use>0</use>
<logicalDatatype>LOGDT019</logicalDatatype>
<domain>BDC812AB-FBFE-73A0-7A4C-DC2C39AC67AC</domain>
<ownDataTypeParameters>,,</ownDataTypeParameters>
<autoIncrementCycle>false</autoIncrementCycle>
</Column>
<Column name="screen_name" id="8D5CA5E5-1385-1A56-BB95-4FBFC62B7E25">
<createdBy>mypc</createdBy>
<createdTime>2021-12-16 06:51:22 UTC</createdTime>
<commentInRDBMS><![CDATA[상영관이름]]></commentInRDBMS>
<generatorID>72F1C908-E5E8-D46C-95BD-463B48803412</generatorID>
<ownerDesignName>영화예매</ownerDesignName>
<nullsAllowed>true</nullsAllowed>
<useDomainConstraints>false</useDomainConstraints>
<use>1</use>
<logicalDatatype>LOGDT024</logicalDatatype>
<dataTypeSize>20</dataTypeSize>
<ownDataTypeParameters>20,,</ownDataTypeParameters>
<autoIncrementCycle>false</autoIncrementCycle>
</Column>
<Column name="seat_amount" id="2B1DB121-58F1-A7F5-46AA-5B4898F92075">
<createdBy>mypc</createdBy>
<createdTime>2021-12-16 06:51:22 UTC</createdTime>
<commentInRDBMS><![CDATA[좌석수]]></commentInRDBMS>
<generatorID>73AAA400-3E49-36A5-0C7E-5405CBC369FB</generatorID>
<ownerDesignName>영화예매</ownerDesignName>
<nullsAllowed>true</nullsAllowed>
<useDomainConstraints>false</useDomainConstraints>
<use>1</use>
<logicalDatatype>LOGDT019</logicalDatatype>
<dataTypePrecision>10</dataTypePrecision>
<ownDataTypeParameters>,10,</ownDataTypeParameters>
<autoIncrementCycle>false</autoIncrementCycle>
</Column>
<Column name="theater_no" id="9249FB2C-D742-01B1-985D-0502AA909680">
<createdBy>mypc</createdBy>
<createdTime>2021-12-16 06:51:22 UTC</createdTime>
<commentInRDBMS><![CDATA[극장번호]]></commentInRDBMS>
<generatorID>4B928863-D6F3-8284-5F1D-BD9401588656</generatorID>
<ownerDesignName>영화예매</ownerDesignName>
<use>0</use>
<logicalDatatype>LOGDT019</logicalDatatype>
<domain>D0DF8686-B9BB-75FE-818E-04CDED2FD2E8</domain>
<ownDataTypeParameters>,,</ownDataTypeParameters>
<previousColumn>false</previousColumn>
<autoIncrementCycle>false</autoIncrementCycle>
<associations>
<colAssociation fkAssociation="3FFA14E4-185E-B3C5-5060-F50BB2F60FE7" referredColumn="85561C66-1EE1-CDBB-A906-217DFD015528"/>
</associations>
</Column>
</columns>
<indexes itemClass="oracle.dbtools.crest.model.design.relational.Index">
<ind_PK_UK id="25DC020A-4B02-0330-D9EA-438F3FF10B1F" name="screen_pk">
<createdBy>mypc</createdBy>
<createdTime>2021-12-16 06:51:22 UTC</createdTime>
<generatorID>525E0F30-7650-DB27-8E67-30920C2747B7</generatorID>
<ownerDesignName>영화예매</ownerDesignName>
<pk>true</pk>
<indexState>Primary Constraint</indexState>
<isSurrogateKey>false</isSurrogateKey>
<indexColumnUsage>
<colUsage columnID="08F01AE4-622B-186D-E5FE-4198A5B040B1"/>
<colUsage columnID="9249FB2C-D742-01B1-985D-0502AA909680"/>
</indexColumnUsage>
</ind_PK_UK>
<ind_PK_UK id="455786C1-44BE-BCC7-4C10-FAA665D37CC4" name="theater_screen_fk">
<createdBy>mypc</createdBy>
<createdTime>2021-12-16 06:51:22 UTC</createdTime>
<generatorID>D1E80357-0E8C-3D48-DDB0-21771CB79DCF</generatorID>
<ownerDesignName>영화예매</ownerDesignName>
<indexState>Foreign Key</indexState>
<isSurrogateKey>false</isSurrogateKey>
<indexColumnUsage>
<colUsage columnID="9249FB2C-D742-01B1-985D-0502AA909680"/>
</indexColumnUsage>
</ind_PK_UK>
</indexes>
</Table>
