<?xml version = '1.0' encoding = 'UTF-8'?>
<Table class="oracle.dbtools.crest.model.design.relational.Table" directorySegmentName="seg_0" id="A5F323E8-5D68-2B8F-46E7-B04196981546" name="theater">
<createdBy>mypc</createdBy>
<createdTime>2021-12-16 06:51:22 UTC</createdTime>
<generatorID>734CB949-E19F-04B3-2E84-F61219EC4160</generatorID>
<ownerDesignName>영화예매</ownerDesignName>
<allowColumnReorder>false</allowColumnReorder>
<existDependencyGenerateInDDl>true</existDependencyGenerateInDDl>
<parsed>true</parsed>
<columns itemClass="oracle.dbtools.crest.model.design.relational.Column">
<Column name="theater" id="85561C66-1EE1-CDBB-A906-217DFD015528">
<createdBy>mypc</createdBy>
<createdTime>2021-12-16 06:51:22 UTC</createdTime>
<commentInRDBMS><![CDATA[극장번호]]></commentInRDBMS>
<generatorID>38310969-0669-5AD2-B6B8-F0B215FC078F</generatorID>
<ownerDesignName>영화예매</ownerDesignName>
<use>0</use>
<logicalDatatype>LOGDT019</logicalDatatype>
<domain>D0DF8686-B9BB-75FE-818E-04CDED2FD2E8</domain>
<ownDataTypeParameters>,,</ownDataTypeParameters>
<autoIncrementCycle>false</autoIncrementCycle>
</Column>
<Column name="theater_branch" id="E16D1811-15A4-ACEE-7950-FD99391D9FA0">
<createdBy>mypc</createdBy>
<createdTime>2021-12-16 06:51:22 UTC</createdTime>
<commentInRDBMS><![CDATA[극장지점]]></commentInRDBMS>
<generatorID>71137B6D-E658-43FB-2E80-8D8379821584</generatorID>
<ownerDesignName>영화예매</ownerDesignName>
<nullsAllowed>true</nullsAllowed>
<useDomainConstraints>false</useDomainConstraints>
<use>1</use>
<logicalDatatype>LOGDT024</logicalDatatype>
<dataTypeSize>20</dataTypeSize>
<ownDataTypeParameters>20,,</ownDataTypeParameters>
<autoIncrementCycle>false</autoIncrementCycle>
</Column>
<Column name="theater_position" id="04094FB5-5B4D-9A5A-0A82-7F5D0158B9AB">
<createdBy>mypc</createdBy>
<createdTime>2021-12-16 06:51:22 UTC</createdTime>
<commentInRDBMS><![CDATA[위치]]></commentInRDBMS>
<generatorID>5EE07288-4509-97C8-5370-E0ADD20EA691</generatorID>
<ownerDesignName>영화예매</ownerDesignName>
<nullsAllowed>true</nullsAllowed>
<useDomainConstraints>false</useDomainConstraints>
<use>1</use>
<logicalDatatype>LOGDT024</logicalDatatype>
<dataTypeSize>20</dataTypeSize>
<ownDataTypeParameters>20,,</ownDataTypeParameters>
<autoIncrementCycle>false</autoIncrementCycle>
</Column>
</columns>
<indexes itemClass="oracle.dbtools.crest.model.design.relational.Index">
<ind_PK_UK id="591A5946-576F-0BEC-408E-E9B4A3C6CD4C" name="theater_pk">
<createdBy>mypc</createdBy>
<createdTime>2021-12-16 06:51:22 UTC</createdTime>
<generatorID>C2DDD61B-46AA-5196-1E96-A618274B2CD2</generatorID>
<ownerDesignName>영화예매</ownerDesignName>
<pk>true</pk>
<indexState>Primary Constraint</indexState>
<isSurrogateKey>false</isSurrogateKey>
<indexColumnUsage>
<colUsage columnID="85561C66-1EE1-CDBB-A906-217DFD015528"/>
</indexColumnUsage>
</ind_PK_UK>
</indexes>
</Table>
