<?xml version = '1.0' encoding = 'UTF-8'?>
<Table class="oracle.dbtools.crest.model.design.relational.Table" directorySegmentName="seg_0" id="DB8D3E09-FB56-EAAE-5944-E8D1EE806CAD" name="schedule">
<createdBy>mypc</createdBy>
<createdTime>2021-12-16 06:51:22 UTC</createdTime>
<generatorID>F0ECF8D4-0789-C35A-7693-99FCECD583FD</generatorID>
<ownerDesignName>영화예매</ownerDesignName>
<allowColumnReorder>false</allowColumnReorder>
<existDependencyGenerateInDDl>true</existDependencyGenerateInDDl>
<parsed>true</parsed>
<columns itemClass="oracle.dbtools.crest.model.design.relational.Column">
<Column name="schedule_no" id="930B6115-89BC-47D9-415E-C61A32811B4A">
<createdBy>mypc</createdBy>
<createdTime>2021-12-16 06:51:22 UTC</createdTime>
<commentInRDBMS><![CDATA[상영일정번호]]></commentInRDBMS>
<generatorID>C700321F-C7B7-E60F-92BB-9380E250693B</generatorID>
<ownerDesignName>영화예매</ownerDesignName>
<use>0</use>
<logicalDatatype>LOGDT019</logicalDatatype>
<domain>BE78AA20-6431-6FAE-7C78-4C6B0675D310</domain>
<ownDataTypeParameters>,,</ownDataTypeParameters>
<autoIncrementCycle>false</autoIncrementCycle>
</Column>
<Column name="schedule_date" id="6569CDF7-9D26-56D3-38AF-8D337AB295D1">
<createdBy>mypc</createdBy>
<createdTime>2021-12-16 06:51:22 UTC</createdTime>
<commentInRDBMS><![CDATA[상영일자]]></commentInRDBMS>
<generatorID>39408DD2-0C0D-D3EF-B7DC-D3348E2C2A99</generatorID>
<ownerDesignName>영화예매</ownerDesignName>
<nullsAllowed>true</nullsAllowed>
<useDomainConstraints>false</useDomainConstraints>
<use>1</use>
<logicalDatatype>LOGDT007</logicalDatatype>
<ownDataTypeParameters>,,</ownDataTypeParameters>
<autoIncrementCycle>false</autoIncrementCycle>
</Column>
<Column name="schedule_time" id="64F49D7C-50D4-9862-0D7B-B02EC9BC7AF6">
<createdBy>mypc</createdBy>
<createdTime>2021-12-16 06:51:22 UTC</createdTime>
<commentInRDBMS><![CDATA[상영시간]]></commentInRDBMS>
<generatorID>B30D5765-95D5-6991-3A51-5F5E68CECC2D</generatorID>
<ownerDesignName>영화예매</ownerDesignName>
<nullsAllowed>true</nullsAllowed>
<useDomainConstraints>false</useDomainConstraints>
<use>1</use>
<logicalDatatype>LOGDT007</logicalDatatype>
<ownDataTypeParameters>,,</ownDataTypeParameters>
<autoIncrementCycle>false</autoIncrementCycle>
</Column>
<Column name="category" id="14529C1F-E9A0-1B59-DC5C-93CF9FA42324">
<createdBy>mypc</createdBy>
<createdTime>2021-12-16 06:51:22 UTC</createdTime>
<commentInRDBMS><![CDATA[분류]]></commentInRDBMS>
<generatorID>3A61FB85-209A-DF02-ED0F-DFA250F4E387</generatorID>
<ownerDesignName>영화예매</ownerDesignName>
<nullsAllowed>true</nullsAllowed>
<useDomainConstraints>false</useDomainConstraints>
<use>1</use>
<logicalDatatype>LOGDT024</logicalDatatype>
<dataTypeSize>20</dataTypeSize>
<ownDataTypeParameters>20,,</ownDataTypeParameters>
<autoIncrementCycle>false</autoIncrementCycle>
</Column>
<Column name="charge" id="A4F0A9E3-FDA0-135A-41D0-181AF5350569">
<createdBy>mypc</createdBy>
<createdTime>2021-12-16 06:51:22 UTC</createdTime>
<commentInRDBMS><![CDATA[요금]]></commentInRDBMS>
<generatorID>9A347605-511E-7125-92EC-957AAB7AEBA6</generatorID>
<ownerDesignName>영화예매</ownerDesignName>
<nullsAllowed>true</nullsAllowed>
<useDomainConstraints>false</useDomainConstraints>
<use>1</use>
<logicalDatatype>LOGDT019</logicalDatatype>
<dataTypePrecision>16</dataTypePrecision>
<ownDataTypeParameters>,16,</ownDataTypeParameters>
<autoIncrementCycle>false</autoIncrementCycle>
</Column>
<Column name="movie_no" id="FBE5E374-BC8B-35BD-1B0A-B60260F3AEC9">
<createdBy>mypc</createdBy>
<createdTime>2021-12-16 06:51:22 UTC</createdTime>
<commentInRDBMS><![CDATA[영화번호]]></commentInRDBMS>
<generatorID>48770EC0-4E30-5FAA-3F88-AA67B9A7EC90</generatorID>
<ownerDesignName>영화예매</ownerDesignName>
<use>0</use>
<logicalDatatype>LOGDT019</logicalDatatype>
<domain>74A7D70A-A4BE-0B06-2D14-29F39E1010A2</domain>
<ownDataTypeParameters>,,</ownDataTypeParameters>
<previousColumn>false</previousColumn>
<autoIncrementCycle>false</autoIncrementCycle>
<associations>
<colAssociation fkAssociation="69DF3AC3-7C3D-CA9A-E854-E94BE878147B" referredColumn="CFC30A1E-908C-DB2C-D96F-87AD87AA41E1"/>
</associations>
</Column>
<Column name="screen_no" id="698214D6-EAD8-EB53-331F-0DDF3CD77E2D">
<createdBy>mypc</createdBy>
<createdTime>2021-12-16 06:51:22 UTC</createdTime>
<commentInRDBMS><![CDATA[상영관번호]]></commentInRDBMS>
<generatorID>5BE897CE-EE05-2601-14B0-7C47B763F815</generatorID>
<ownerDesignName>영화예매</ownerDesignName>
<use>0</use>
<logicalDatatype>LOGDT019</logicalDatatype>
<domain>BDC812AB-FBFE-73A0-7A4C-DC2C39AC67AC</domain>
<ownDataTypeParameters>,,</ownDataTypeParameters>
<previousColumn>false</previousColumn>
<autoIncrementCycle>false</autoIncrementCycle>
<associations>
<colAssociation fkAssociation="0DBD2563-F8D0-CC85-FEDA-8AB8139C080E" referredColumn="08F01AE4-622B-186D-E5FE-4198A5B040B1"/>
</associations>
</Column>
<Column name="theater_no" id="5EFC9516-1146-61AA-0A46-1A39B2E6EAFF">
<createdBy>mypc</createdBy>
<createdTime>2021-12-16 06:51:22 UTC</createdTime>
<commentInRDBMS><![CDATA[극장번호]]></commentInRDBMS>
<generatorID>167561A6-1E9F-F19C-A55F-376A04B7CFA2</generatorID>
<ownerDesignName>영화예매</ownerDesignName>
<use>0</use>
<logicalDatatype>LOGDT019</logicalDatatype>
<domain>D0DF8686-B9BB-75FE-818E-04CDED2FD2E8</domain>
<ownDataTypeParameters>,,</ownDataTypeParameters>
<previousColumn>false</previousColumn>
<autoIncrementCycle>false</autoIncrementCycle>
<associations>
<colAssociation fkAssociation="0DBD2563-F8D0-CC85-FEDA-8AB8139C080E" referredColumn="9249FB2C-D742-01B1-985D-0502AA909680"/>
</associations>
</Column>
</columns>
<indexes itemClass="oracle.dbtools.crest.model.design.relational.Index">
<ind_PK_UK id="76F36ED7-3CDC-4CA6-192E-DFB9D4C419EE" name="schedule_pk">
<createdBy>mypc</createdBy>
<createdTime>2021-12-16 06:51:22 UTC</createdTime>
<generatorID>EF0177CD-8808-5820-6E94-8C51E3E37759</generatorID>
<ownerDesignName>영화예매</ownerDesignName>
<pk>true</pk>
<indexState>Primary Constraint</indexState>
<isSurrogateKey>false</isSurrogateKey>
<indexColumnUsage>
<colUsage columnID="930B6115-89BC-47D9-415E-C61A32811B4A"/>
</indexColumnUsage>
</ind_PK_UK>
<ind_PK_UK id="5FF260EA-9048-C808-0716-61DE75AAF5E0" name="schedule_screen_fk">
<createdBy>mypc</createdBy>
<createdTime>2021-12-16 06:51:22 UTC</createdTime>
<generatorID>4D7CD641-60F3-997D-DB60-86BD4D4A3985</generatorID>
<ownerDesignName>영화예매</ownerDesignName>
<indexState>Foreign Key</indexState>
<isSurrogateKey>false</isSurrogateKey>
<indexColumnUsage>
<colUsage columnID="698214D6-EAD8-EB53-331F-0DDF3CD77E2D"/>
<colUsage columnID="5EFC9516-1146-61AA-0A46-1A39B2E6EAFF"/>
</indexColumnUsage>
</ind_PK_UK>
<ind_PK_UK id="B89957C5-BACC-D16F-5512-4C8129C1DB63" name="schedule_movie_fk">
<createdBy>mypc</createdBy>
<createdTime>2021-12-16 06:51:22 UTC</createdTime>
<generatorID>B5C23F59-512B-FD5F-7E8A-B3BB4889C38D</generatorID>
<ownerDesignName>영화예매</ownerDesignName>
<indexState>Foreign Key</indexState>
<isSurrogateKey>false</isSurrogateKey>
<indexColumnUsage>
<colUsage columnID="FBE5E374-BC8B-35BD-1B0A-B60260F3AEC9"/>
</indexColumnUsage>
</ind_PK_UK>
</indexes>
</Table>
