<?xml version = '1.0' encoding = 'UTF-8'?>
<Table class="oracle.dbtools.crest.model.design.relational.Table" directorySegmentName="seg_0" id="E86FE1C2-1AF0-81C5-F858-CCD4450F7AE5" name="reserve">
<createdBy>mypc</createdBy>
<createdTime>2021-12-16 06:51:22 UTC</createdTime>
<generatorID>2C5A4627-FC9F-FF46-385F-DB3921B38E78</generatorID>
<ownerDesignName>영화예매</ownerDesignName>
<allowColumnReorder>false</allowColumnReorder>
<existDependencyGenerateInDDl>true</existDependencyGenerateInDDl>
<parsed>true</parsed>
<columns itemClass="oracle.dbtools.crest.model.design.relational.Column">
<Column name="reserve_no" id="7EF5EC34-77F4-64C0-8178-4A7D6E1148BC">
<createdBy>mypc</createdBy>
<createdTime>2021-12-16 06:51:22 UTC</createdTime>
<commentInRDBMS><![CDATA[예매번호]]></commentInRDBMS>
<generatorID>884DCA9C-E1BB-DF7E-59C2-D168DF15BB7B</generatorID>
<ownerDesignName>영화예매</ownerDesignName>
<use>0</use>
<logicalDatatype>LOGDT019</logicalDatatype>
<domain>8F0536C2-5331-B10F-5B4F-FE5F74FB5016</domain>
<ownDataTypeParameters>,,</ownDataTypeParameters>
<autoIncrementCycle>false</autoIncrementCycle>
</Column>
<Column name="reserve_date" id="4995F8FD-F936-5980-20E8-8A3D7C8221F5">
<createdBy>mypc</createdBy>
<createdTime>2021-12-16 06:51:22 UTC</createdTime>
<commentInRDBMS><![CDATA[예매일자]]></commentInRDBMS>
<generatorID>AD3C1613-2AC5-97B5-CC1B-86CA118AF5B4</generatorID>
<ownerDesignName>영화예매</ownerDesignName>
<nullsAllowed>true</nullsAllowed>
<useDomainConstraints>false</useDomainConstraints>
<use>1</use>
<logicalDatatype>LOGDT007</logicalDatatype>
<ownDataTypeParameters>,,</ownDataTypeParameters>
<autoIncrementCycle>false</autoIncrementCycle>
</Column>
<Column name="reserve_quantity" id="5325709E-1E62-4E17-E3B7-DB775B836B3B">
<createdBy>mypc</createdBy>
<createdTime>2021-12-16 06:51:22 UTC</createdTime>
<commentInRDBMS><![CDATA[예매수량]]></commentInRDBMS>
<generatorID>7849CABD-B05F-8006-EF31-9D3F08C76FCD</generatorID>
<ownerDesignName>영화예매</ownerDesignName>
<nullsAllowed>true</nullsAllowed>
<useDomainConstraints>false</useDomainConstraints>
<use>1</use>
<logicalDatatype>LOGDT019</logicalDatatype>
<dataTypePrecision>10</dataTypePrecision>
<ownDataTypeParameters>,10,</ownDataTypeParameters>
<autoIncrementCycle>false</autoIncrementCycle>
</Column>
<Column name="reserve_charge" id="30E2C795-99E1-E524-AE0D-19268131E1B0">
<createdBy>mypc</createdBy>
<createdTime>2021-12-16 06:51:22 UTC</createdTime>
<commentInRDBMS><![CDATA[예매금액]]></commentInRDBMS>
<generatorID>AA7FEFFB-3043-4946-587F-7A81432D5E78</generatorID>
<ownerDesignName>영화예매</ownerDesignName>
<nullsAllowed>true</nullsAllowed>
<useDomainConstraints>false</useDomainConstraints>
<use>1</use>
<logicalDatatype>LOGDT019</logicalDatatype>
<dataTypePrecision>16</dataTypePrecision>
<ownDataTypeParameters>,16,</ownDataTypeParameters>
<autoIncrementCycle>false</autoIncrementCycle>
</Column>
<Column name="approval_method" id="82265E37-BBF1-0EF5-FE3A-8AA811B3FF2B">
<createdBy>mypc</createdBy>
<createdTime>2021-12-16 06:51:22 UTC</createdTime>
<commentInRDBMS><![CDATA[결재방법]]></commentInRDBMS>
<generatorID>AD109AC3-8333-D5A4-DA5B-3BB372BFD77F</generatorID>
<ownerDesignName>영화예매</ownerDesignName>
<constraintComment><![CDATA[카드결재 : 1
계좌이체 : 2
현금결재 : 3]]></constraintComment>
<constraintName>reserve_approval_method</constraintName>
<constraintNotes><![CDATA[카드결재 : 1
계좌이체 : 2
현금결재 : 3]]></constraintNotes>
<nullsAllowed>true</nullsAllowed>
<useDomainConstraints>false</useDomainConstraints>
<use>1</use>
<structuredType>47E390DE-0671-C4B1-8428-0F45CBEE18F8</structuredType>
<logicalDatatype>LOGDT024</logicalDatatype>
<dataTypeSize>20</dataTypeSize>
<listOfValues>
<valueDef value="1" description="카드결재"/>
<valueDef value="2" description="계좌이체"/>
<valueDef value="3" description="현금결재"/>
</listOfValues>
<ownDataTypeParameters>20,,</ownDataTypeParameters>
<autoIncrementCycle>false</autoIncrementCycle>
</Column>
<Column name="ticket_no" id="DD86D703-0E4C-668B-B36D-E1889F3B5DB3">
<createdBy>mypc</createdBy>
<createdTime>2021-12-16 06:51:22 UTC</createdTime>
<commentInRDBMS><![CDATA[영화표번호]]></commentInRDBMS>
<generatorID>3E719905-7301-FE87-ACD9-13A89F934F61</generatorID>
<ownerDesignName>영화예매</ownerDesignName>
<use>0</use>
<logicalDatatype>LOGDT019</logicalDatatype>
<domain>500DD966-72DA-9E83-B4B4-AD5015C078D4</domain>
<ownDataTypeParameters>,,</ownDataTypeParameters>
<previousColumn>false</previousColumn>
<autoIncrementCycle>false</autoIncrementCycle>
<associations>
<colAssociation fkAssociation="61726744-6458-4816-589C-4F842FB5AF22" referredColumn="A0FC975B-05A8-8610-DFA4-B4F4B75FB21E"/>
</associations>
</Column>
<Column name="refund_no" id="FA420B8A-D362-0555-FF14-E362B7A88D2F">
<createdBy>mypc</createdBy>
<createdTime>2021-12-16 06:51:22 UTC</createdTime>
<commentInRDBMS><![CDATA[환불번호]]></commentInRDBMS>
<generatorID>EE8FD566-EC2E-FD97-76A3-658ADA626DD5</generatorID>
<ownerDesignName>영화예매</ownerDesignName>
<use>0</use>
<logicalDatatype>LOGDT019</logicalDatatype>
<domain>CFD15168-3620-2CAF-7F52-095C24FAC864</domain>
<ownDataTypeParameters>,,</ownDataTypeParameters>
<previousColumn>false</previousColumn>
<autoIncrementCycle>false</autoIncrementCycle>
<associations>
<colAssociation fkAssociation="9CDBE79F-4DE7-336D-C93E-7168264F3100" referredColumn="DEC2DDB9-D12D-9DC3-D591-FD101CFB2A78"/>
</associations>
</Column>
<Column name="member_no" id="4F953DDF-3A9E-4546-64B8-BCB9D83E7194">
<createdBy>mypc</createdBy>
<createdTime>2021-12-16 06:51:22 UTC</createdTime>
<commentInRDBMS><![CDATA[회원번호]]></commentInRDBMS>
<generatorID>4241BECE-8B29-C1E3-BBA9-F1954A8A9DFE</generatorID>
<ownerDesignName>영화예매</ownerDesignName>
<use>0</use>
<logicalDatatype>LOGDT019</logicalDatatype>
<domain>8DCA666F-F1AB-11BE-B574-8C712DB8B519</domain>
<ownDataTypeParameters>,,</ownDataTypeParameters>
<previousColumn>false</previousColumn>
<autoIncrementCycle>false</autoIncrementCycle>
<associations>
<colAssociation fkAssociation="6B312B81-A4D3-7CAF-A3FC-639D064B7CD7" referredColumn="682FC1C5-0B3C-A071-6782-00DA20A63556"/>
</associations>
</Column>
</columns>
<indexes itemClass="oracle.dbtools.crest.model.design.relational.Index">
<ind_PK_UK id="8B20E62D-EE93-8684-E49A-267E9EC0F47F" name="reserve_pk">
<createdBy>mypc</createdBy>
<createdTime>2021-12-16 06:51:22 UTC</createdTime>
<generatorID>42C2279F-4653-A44C-3E3D-BACE9EE97756</generatorID>
<ownerDesignName>영화예매</ownerDesignName>
<pk>true</pk>
<indexState>Primary Constraint</indexState>
<isSurrogateKey>false</isSurrogateKey>
<indexColumnUsage>
<colUsage columnID="7EF5EC34-77F4-64C0-8178-4A7D6E1148BC"/>
</indexColumnUsage>
</ind_PK_UK>
<ind_PK_UK id="5A8A8DF5-00C6-4B13-0C23-668E1F5CBAEC" name="reserve_ticket_fk">
<createdBy>mypc</createdBy>
<createdTime>2021-12-16 06:51:22 UTC</createdTime>
<generatorID>6CD8C47F-037A-1963-B7C8-909B8528E8BB</generatorID>
<ownerDesignName>영화예매</ownerDesignName>
<indexState>Foreign Key</indexState>
<isSurrogateKey>false</isSurrogateKey>
<indexColumnUsage>
<colUsage columnID="DD86D703-0E4C-668B-B36D-E1889F3B5DB3"/>
</indexColumnUsage>
</ind_PK_UK>
<ind_PK_UK id="99BBB2F7-ED7B-182A-0AC8-937DA99F1EEC" name="reserve_refund_fk">
<createdBy>mypc</createdBy>
<createdTime>2021-12-16 06:51:22 UTC</createdTime>
<generatorID>1CC5C822-E49D-0F46-CF47-8F5F26C3F3AC</generatorID>
<ownerDesignName>영화예매</ownerDesignName>
<indexState>Foreign Key</indexState>
<isSurrogateKey>false</isSurrogateKey>
<indexColumnUsage>
<colUsage columnID="FA420B8A-D362-0555-FF14-E362B7A88D2F"/>
</indexColumnUsage>
</ind_PK_UK>
<ind_PK_UK id="55537CF6-DF3C-A051-112E-2757C8A5BC01" name="reserve_member_fk">
<createdBy>mypc</createdBy>
<createdTime>2021-12-16 06:51:22 UTC</createdTime>
<generatorID>B79C561D-ED5D-60AC-F468-39B7774B1A97</generatorID>
<ownerDesignName>영화예매</ownerDesignName>
<indexState>Foreign Key</indexState>
<isSurrogateKey>false</isSurrogateKey>
<indexColumnUsage>
<colUsage columnID="4F953DDF-3A9E-4546-64B8-BCB9D83E7194"/>
</indexColumnUsage>
</ind_PK_UK>
</indexes>
</Table>
