<?xml version = '1.0' encoding = 'UTF-8'?>
<Entity class="oracle.dbtools.crest.model.design.logical.Entity" directorySegmentName="seg_0" id="269E8111-308F-FA6B-3694-72386D06DC47" name="좌석">
<createdBy>mypc</createdBy>
<createdTime>2021-12-16 05:22:41 UTC</createdTime>
<ownerDesignName>영화예매</ownerDesignName>
<engineerTo>
<item key="9D976714-F363-98D9-66D8-CD09534283C4" value="true"/>
</engineerTo>
<adequatelyNormalized>NO</adequatelyNormalized>
<expectedVolumes>0</expectedVolumes>
<fwdEngineeringStrategyName>Single Table</fwdEngineeringStrategyName>
<growthPercent>0</growthPercent>
<growthType>Year</growthType>
<maxVolumes>9999999</maxVolumes>
<minVolumes>0</minVolumes>
<normalForm>Third</normalForm>
<attributes itemClass="oracle.dbtools.crest.model.design.logical.Attribute">
<Attribute name="좌석번호" id="775925DB-01DA-03F0-462F-157DF7E79C74">
<createdBy>mypc</createdBy>
<createdTime>2021-12-16 05:22:50 UTC</createdTime>
<ownerDesignName>영화예매</ownerDesignName>
<engineerTo>
<item key="9D976714-F363-98D9-66D8-CD09534283C4" value="true"/>
</engineerTo>
<use>0</use>
<logicalDatatype>LOGDT019</logicalDatatype>
<domain>B48D7FAD-BB96-EC38-5134-EEE4DE674002</domain>
<ownDataTypeParameters>,,</ownDataTypeParameters>
</Attribute>
<Attribute name="열" id="0F026BB4-04EA-504E-1C66-5527BD4E4535">
<createdBy>mypc</createdBy>
<createdTime>2021-12-16 05:23:02 UTC</createdTime>
<ownerDesignName>영화예매</ownerDesignName>
<engineerTo>
<item key="9D976714-F363-98D9-66D8-CD09534283C4" value="true"/>
</engineerTo>
<nullsAllowed>true</nullsAllowed>
<use>0</use>
<ownDataTypeParameters>,,</ownDataTypeParameters>
</Attribute>
<Attribute name="행" id="95609264-35C0-21B3-4668-73BC548CA794">
<createdBy>mypc</createdBy>
<createdTime>2021-12-16 05:23:10 UTC</createdTime>
<ownerDesignName>영화예매</ownerDesignName>
<engineerTo>
<item key="9D976714-F363-98D9-66D8-CD09534283C4" value="true"/>
</engineerTo>
<nullsAllowed>true</nullsAllowed>
<use>0</use>
<ownDataTypeParameters>,,</ownDataTypeParameters>
</Attribute>
<Attribute name="좌석배정유무" id="C7C97EFB-9BF9-6201-08A2-37B95A88BE4B">
<createdBy>mypc</createdBy>
<createdTime>2021-12-16 05:23:10 UTC</createdTime>
<ownerDesignName>영화예매</ownerDesignName>
<engineerTo>
<item key="9D976714-F363-98D9-66D8-CD09534283C4" value="true"/>
</engineerTo>
<nullsAllowed>true</nullsAllowed>
<useDomainConstraints>false</useDomainConstraints>
<use>0</use>
<ownDataTypeParameters>,,</ownDataTypeParameters>
</Attribute>
<Attribute name="상영관번호" id="997C94C9-3A3C-34A2-E37E-774002F23147">
<createdBy>mypc</createdBy>
<createdTime>2021-12-16 05:31:33 UTC</createdTime>
<generatorID>FE14CF8F-442A-ACD4-A05C-CCDE4EBB9177</generatorID>
<ownerDesignName>영화예매</ownerDesignName>
<engineerTo>
<item key="9D976714-F363-98D9-66D8-CD09534283C4" value="true"/>
</engineerTo>
<referedAttribute>AE8FA0C5-86C3-6D4C-8A08-A69EE281D440</referedAttribute>
<use>0</use>
<logicalDatatype>LOGDT019</logicalDatatype>
<domain>BDC812AB-FBFE-73A0-7A4C-DC2C39AC67AC</domain>
<ownDataTypeParameters>,,</ownDataTypeParameters>
</Attribute>
<Attribute name="극장번호" id="69F86535-9ADE-4309-C720-0BAD04F1AC81">
<createdBy>mypc</createdBy>
<createdTime>2021-12-16 05:55:51 UTC</createdTime>
<generatorID>FE14CF8F-442A-ACD4-A05C-CCDE4EBB9177</generatorID>
<ownerDesignName>영화예매</ownerDesignName>
<engineerTo>
<item key="9D976714-F363-98D9-66D8-CD09534283C4" value="true"/>
</engineerTo>
<referedAttribute>4B928863-D6F3-8284-5F1D-BD9401588656</referedAttribute>
<use>0</use>
<logicalDatatype>LOGDT019</logicalDatatype>
<domain>D0DF8686-B9BB-75FE-818E-04CDED2FD2E8</domain>
<ownDataTypeParameters>,,</ownDataTypeParameters>
</Attribute>
</attributes>
<identifiers itemClass="oracle.dbtools.crest.model.design.logical.CandidateKey">
<identifier id="5799BE12-8AD0-E493-7EA7-2F6609EA02A4" name="좌석 PK">
<createdBy>mypc</createdBy>
<createdTime>2021-12-16 05:23:00 UTC</createdTime>
<ownerDesignName>영화예매</ownerDesignName>
<engineerTo>
<item key="9D976714-F363-98D9-66D8-CD09534283C4" value="true"/>
</engineerTo>
<pk>true</pk>
<usedAttributes>
<attributeRef>775925DB-01DA-03F0-462F-157DF7E79C74</attributeRef>
<attributeRef>997C94C9-3A3C-34A2-E37E-774002F23147</attributeRef>
<attributeRef>69F86535-9ADE-4309-C720-0BAD04F1AC81</attributeRef>
</usedAttributes>
</identifier>
</identifiers>
</Entity>
