<?xml version = '1.0' encoding = 'UTF-8'?>
<Entity class="oracle.dbtools.crest.model.design.logical.Entity" directorySegmentName="seg_0" id="2B8CC9A0-D79D-5508-CEDB-FB948BF4D813" name="영화">
<createdBy>mypc</createdBy>
<createdTime>2021-12-16 06:00:53 UTC</createdTime>
<ownerDesignName>영화예매</ownerDesignName>
<engineerTo>
<item key="9D976714-F363-98D9-66D8-CD09534283C4" value="true"/>
</engineerTo>
<adequatelyNormalized>NO</adequatelyNormalized>
<expectedVolumes>0</expectedVolumes>
<fwdEngineeringStrategyName>Single Table</fwdEngineeringStrategyName>
<growthPercent>0</growthPercent>
<growthType>Year</growthType>
<maxVolumes>9999999</maxVolumes>
<minVolumes>0</minVolumes>
<normalForm>Third</normalForm>
<attributes itemClass="oracle.dbtools.crest.model.design.logical.Attribute">
<Attribute name="영화번호" id="3383C5A4-FEEA-BA75-EDA6-43CB92F1E149">
<createdBy>mypc</createdBy>
<createdTime>2021-12-16 06:01:00 UTC</createdTime>
<ownerDesignName>영화예매</ownerDesignName>
<engineerTo>
<item key="9D976714-F363-98D9-66D8-CD09534283C4" value="true"/>
</engineerTo>
<use>0</use>
<logicalDatatype>LOGDT019</logicalDatatype>
<domain>74A7D70A-A4BE-0B06-2D14-29F39E1010A2</domain>
<ownDataTypeParameters>,,</ownDataTypeParameters>
</Attribute>
<Attribute name="영화제목" id="2608398D-4EBB-CADC-97F1-BEF722A31818">
<createdBy>mypc</createdBy>
<createdTime>2021-12-16 06:01:12 UTC</createdTime>
<ownerDesignName>영화예매</ownerDesignName>
<engineerTo>
<item key="9D976714-F363-98D9-66D8-CD09534283C4" value="true"/>
</engineerTo>
<nullsAllowed>true</nullsAllowed>
<use>0</use>
<ownDataTypeParameters>,,</ownDataTypeParameters>
</Attribute>
<Attribute name="감독" id="634D1BEB-A53E-8443-A20D-32F30A6E221A">
<createdBy>mypc</createdBy>
<createdTime>2021-12-16 06:01:12 UTC</createdTime>
<ownerDesignName>영화예매</ownerDesignName>
<engineerTo>
<item key="9D976714-F363-98D9-66D8-CD09534283C4" value="true"/>
</engineerTo>
<nullsAllowed>true</nullsAllowed>
<use>0</use>
<ownDataTypeParameters>,,</ownDataTypeParameters>
</Attribute>
<Attribute name="주연배우" id="4B8DC3B0-8F20-DE5A-E21A-2F8D36ACE489">
<createdBy>mypc</createdBy>
<createdTime>2021-12-16 06:01:12 UTC</createdTime>
<ownerDesignName>영화예매</ownerDesignName>
<engineerTo>
<item key="9D976714-F363-98D9-66D8-CD09534283C4" value="true"/>
</engineerTo>
<nullsAllowed>true</nullsAllowed>
<use>0</use>
<ownDataTypeParameters>,,</ownDataTypeParameters>
</Attribute>
</attributes>
<identifiers itemClass="oracle.dbtools.crest.model.design.logical.CandidateKey">
<identifier id="39C5B8F7-8608-7D9B-4DD3-AE6D2EA8E55C" name="영화 PK">
<createdBy>mypc</createdBy>
<createdTime>2021-12-16 06:01:09 UTC</createdTime>
<ownerDesignName>영화예매</ownerDesignName>
<engineerTo>
<item key="9D976714-F363-98D9-66D8-CD09534283C4" value="true"/>
</engineerTo>
<pk>true</pk>
<usedAttributes>
<attributeRef>3383C5A4-FEEA-BA75-EDA6-43CB92F1E149</attributeRef>
</usedAttributes>
</identifier>
</identifiers>
</Entity>