<?xml version = '1.0' encoding = 'UTF-8'?>
<Entity class="oracle.dbtools.crest.model.design.logical.Entity" directorySegmentName="seg_0" id="2C5A4627-FC9F-FF46-385F-DB3921B38E78" name="예매">
<createdBy>mypc</createdBy>
<createdTime>2021-12-16 06:17:03 UTC</createdTime>
<ownerDesignName>영화예매</ownerDesignName>
<engineerTo>
<item key="9D976714-F363-98D9-66D8-CD09534283C4" value="true"/>
</engineerTo>
<adequatelyNormalized>NO</adequatelyNormalized>
<expectedVolumes>0</expectedVolumes>
<fwdEngineeringStrategyName>Single Table</fwdEngineeringStrategyName>
<growthPercent>0</growthPercent>
<growthType>Year</growthType>
<maxVolumes>9999999</maxVolumes>
<minVolumes>0</minVolumes>
<normalForm>Third</normalForm>
<attributes itemClass="oracle.dbtools.crest.model.design.logical.Attribute">
<Attribute name="예매번호" id="884DCA9C-E1BB-DF7E-59C2-D168DF15BB7B">
<createdBy>mypc</createdBy>
<createdTime>2021-12-16 06:17:07 UTC</createdTime>
<ownerDesignName>영화예매</ownerDesignName>
<engineerTo>
<item key="9D976714-F363-98D9-66D8-CD09534283C4" value="true"/>
</engineerTo>
<use>0</use>
<logicalDatatype>LOGDT019</logicalDatatype>
<domain>8F0536C2-5331-B10F-5B4F-FE5F74FB5016</domain>
<ownDataTypeParameters>,,</ownDataTypeParameters>
</Attribute>
<Attribute name="예매일자" id="AD3C1613-2AC5-97B5-CC1B-86CA118AF5B4">
<createdBy>mypc</createdBy>
<createdTime>2021-12-16 06:17:17 UTC</createdTime>
<ownerDesignName>영화예매</ownerDesignName>
<engineerTo>
<item key="9D976714-F363-98D9-66D8-CD09534283C4" value="true"/>
</engineerTo>
<nullsAllowed>true</nullsAllowed>
<use>0</use>
<ownDataTypeParameters>,,</ownDataTypeParameters>
</Attribute>
<Attribute name="예매수량" id="7849CABD-B05F-8006-EF31-9D3F08C76FCD">
<createdBy>mypc</createdBy>
<createdTime>2021-12-16 06:17:18 UTC</createdTime>
<ownerDesignName>영화예매</ownerDesignName>
<engineerTo>
<item key="9D976714-F363-98D9-66D8-CD09534283C4" value="true"/>
</engineerTo>
<nullsAllowed>true</nullsAllowed>
<use>0</use>
<ownDataTypeParameters>,,</ownDataTypeParameters>
</Attribute>
<Attribute name="예매금액" id="AA7FEFFB-3043-4946-587F-7A81432D5E78">
<createdBy>mypc</createdBy>
<createdTime>2021-12-16 06:17:18 UTC</createdTime>
<ownerDesignName>영화예매</ownerDesignName>
<engineerTo>
<item key="9D976714-F363-98D9-66D8-CD09534283C4" value="true"/>
</engineerTo>
<nullsAllowed>true</nullsAllowed>
<use>0</use>
<ownDataTypeParameters>,,</ownDataTypeParameters>
</Attribute>
<Attribute name="결재방법" id="AD109AC3-8333-D5A4-DA5B-3BB372BFD77F">
<createdBy>mypc</createdBy>
<createdTime>2021-12-16 06:17:18 UTC</createdTime>
<ownerDesignName>영화예매</ownerDesignName>
<engineerTo>
<item key="9D976714-F363-98D9-66D8-CD09534283C4" value="true"/>
</engineerTo>
<nullsAllowed>true</nullsAllowed>
<use>0</use>
<structuredType>47E390DE-0671-C4B1-8428-0F45CBEE18F8</structuredType>
<ownDataTypeParameters>,,</ownDataTypeParameters>
</Attribute>
<Attribute name="영화표번호" id="3E719905-7301-FE87-ACD9-13A89F934F61">
<createdBy>mypc</createdBy>
<createdTime>2021-12-16 06:19:47 UTC</createdTime>
<generatorID>6CD8C47F-037A-1963-B7C8-909B8528E8BB</generatorID>
<ownerDesignName>영화예매</ownerDesignName>
<engineerTo>
<item key="9D976714-F363-98D9-66D8-CD09534283C4" value="true"/>
</engineerTo>
<referedAttribute>ADA5125F-5E39-5A69-DF66-DCF7CD76890D</referedAttribute>
<use>0</use>
<logicalDatatype>LOGDT019</logicalDatatype>
<domain>500DD966-72DA-9E83-B4B4-AD5015C078D4</domain>
<ownDataTypeParameters>,,</ownDataTypeParameters>
</Attribute>
<Attribute name="환불번호" id="EE8FD566-EC2E-FD97-76A3-658ADA626DD5">
<createdBy>mypc</createdBy>
<createdTime>2021-12-16 06:21:18 UTC</createdTime>
<generatorID>1CC5C822-E49D-0F46-CF47-8F5F26C3F3AC</generatorID>
<ownerDesignName>영화예매</ownerDesignName>
<engineerTo>
<item key="9D976714-F363-98D9-66D8-CD09534283C4" value="true"/>
</engineerTo>
<referedAttribute>9AA4AAE1-3533-C194-2A40-2AFE769EA016</referedAttribute>
<use>0</use>
<logicalDatatype>LOGDT019</logicalDatatype>
<domain>CFD15168-3620-2CAF-7F52-095C24FAC864</domain>
<ownDataTypeParameters>,,</ownDataTypeParameters>
</Attribute>
<Attribute name="회원번호" id="4241BECE-8B29-C1E3-BBA9-F1954A8A9DFE">
<createdBy>mypc</createdBy>
<createdTime>2021-12-16 06:47:37 UTC</createdTime>
<generatorID>B79C561D-ED5D-60AC-F468-39B7774B1A97</generatorID>
<ownerDesignName>영화예매</ownerDesignName>
<engineerTo>
<item key="9D976714-F363-98D9-66D8-CD09534283C4" value="true"/>
</engineerTo>
<referedAttribute>07D7CDD6-DA7C-1AFE-3921-0DCBEE2DE88C</referedAttribute>
<use>0</use>
<logicalDatatype>LOGDT019</logicalDatatype>
<domain>8DCA666F-F1AB-11BE-B574-8C712DB8B519</domain>
<ownDataTypeParameters>,,</ownDataTypeParameters>
</Attribute>
</attributes>
<identifiers itemClass="oracle.dbtools.crest.model.design.logical.CandidateKey">
<identifier id="42C2279F-4653-A44C-3E3D-BACE9EE97756" name="예매 PK">
<createdBy>mypc</createdBy>
<createdTime>2021-12-16 06:17:09 UTC</createdTime>
<ownerDesignName>영화예매</ownerDesignName>
<engineerTo>
<item key="9D976714-F363-98D9-66D8-CD09534283C4" value="true"/>
</engineerTo>
<pk>true</pk>
<usedAttributes>
<attributeRef>884DCA9C-E1BB-DF7E-59C2-D168DF15BB7B</attributeRef>
</usedAttributes>
</identifier>
</identifiers>
</Entity>
