<?xml version = '1.0' encoding = 'UTF-8'?>
<Entity class="oracle.dbtools.crest.model.design.logical.Entity" directorySegmentName="seg_0" id="687CEA00-440D-31E3-DE0D-5AD02752CF52" name="환불">
<createdBy>mypc</createdBy>
<createdTime>2021-12-16 06:14:53 UTC</createdTime>
<ownerDesignName>영화예매</ownerDesignName>
<engineerTo>
<item key="9D976714-F363-98D9-66D8-CD09534283C4" value="true"/>
</engineerTo>
<adequatelyNormalized>NO</adequatelyNormalized>
<expectedVolumes>0</expectedVolumes>
<fwdEngineeringStrategyName>Single Table</fwdEngineeringStrategyName>
<growthPercent>0</growthPercent>
<growthType>Year</growthType>
<maxVolumes>9999999</maxVolumes>
<minVolumes>0</minVolumes>
<normalForm>Third</normalForm>
<attributes itemClass="oracle.dbtools.crest.model.design.logical.Attribute">
<Attribute name="환불번호" id="9AA4AAE1-3533-C194-2A40-2AFE769EA016">
<createdBy>mypc</createdBy>
<createdTime>2021-12-16 06:14:59 UTC</createdTime>
<ownerDesignName>영화예매</ownerDesignName>
<engineerTo>
<item key="9D976714-F363-98D9-66D8-CD09534283C4" value="true"/>
</engineerTo>
<use>0</use>
<logicalDatatype>LOGDT019</logicalDatatype>
<domain>CFD15168-3620-2CAF-7F52-095C24FAC864</domain>
<ownDataTypeParameters>,,</ownDataTypeParameters>
</Attribute>
<Attribute name="환불금액" id="1C632B08-44DF-BA14-35F8-2D5927760BD4">
<createdBy>mypc</createdBy>
<createdTime>2021-12-16 06:15:33 UTC</createdTime>
<ownerDesignName>영화예매</ownerDesignName>
<engineerTo>
<item key="9D976714-F363-98D9-66D8-CD09534283C4" value="true"/>
</engineerTo>
<nullsAllowed>true</nullsAllowed>
<use>0</use>
<ownDataTypeParameters>,,</ownDataTypeParameters>
</Attribute>
<Attribute name="최소방법" id="3A2231A5-0B0A-7D01-A416-7C09F16AFD6C">
<createdBy>mypc</createdBy>
<createdTime>2021-12-16 06:15:40 UTC</createdTime>
<ownerDesignName>영화예매</ownerDesignName>
<engineerTo>
<item key="9D976714-F363-98D9-66D8-CD09534283C4" value="true"/>
</engineerTo>
<nullsAllowed>true</nullsAllowed>
<use>0</use>
<ownDataTypeParameters>,,</ownDataTypeParameters>
</Attribute>
</attributes>
<identifiers itemClass="oracle.dbtools.crest.model.design.logical.CandidateKey">
<identifier id="1E59AC23-E227-0870-64F7-839A90A5B9C3" name="환불 PK">
<createdBy>mypc</createdBy>
<createdTime>2021-12-16 06:16:39 UTC</createdTime>
<ownerDesignName>영화예매</ownerDesignName>
<engineerTo>
<item key="9D976714-F363-98D9-66D8-CD09534283C4" value="true"/>
</engineerTo>
<pk>true</pk>
<usedAttributes>
<attributeRef>9AA4AAE1-3533-C194-2A40-2AFE769EA016</attributeRef>
</usedAttributes>
</identifier>
</identifiers>
</Entity>