<?xml version = '1.0' encoding = 'UTF-8'?>
<Entity class="oracle.dbtools.crest.model.design.logical.Entity" directorySegmentName="seg_0" id="734CB949-E19F-04B3-2E84-F61219EC4160" name="극장">
<createdBy>mypc</createdBy>
<createdTime>2021-12-16 05:14:03 UTC</createdTime>
<ownerDesignName>영화예매</ownerDesignName>
<engineerTo>
<item key="9D976714-F363-98D9-66D8-CD09534283C4" value="true"/>
</engineerTo>
<adequatelyNormalized>NO</adequatelyNormalized>
<expectedVolumes>0</expectedVolumes>
<fwdEngineeringStrategyName>Single Table</fwdEngineeringStrategyName>
<growthPercent>0</growthPercent>
<growthType>Year</growthType>
<maxVolumes>9999999</maxVolumes>
<minVolumes>0</minVolumes>
<normalForm>Third</normalForm>
<attributes itemClass="oracle.dbtools.crest.model.design.logical.Attribute">
<Attribute name="극장번호" id="38310969-0669-5AD2-B6B8-F0B215FC078F">
<createdBy>mypc</createdBy>
<createdTime>2021-12-16 05:17:47 UTC</createdTime>
<ownerDesignName>영화예매</ownerDesignName>
<engineerTo>
<item key="9D976714-F363-98D9-66D8-CD09534283C4" value="true"/>
</engineerTo>
<use>0</use>
<logicalDatatype>LOGDT019</logicalDatatype>
<domain>D0DF8686-B9BB-75FE-818E-04CDED2FD2E8</domain>
<ownDataTypeParameters>,,</ownDataTypeParameters>
</Attribute>
<Attribute name="극장위치" id="71137B6D-E658-43FB-2E80-8D8379821584">
<createdBy>mypc</createdBy>
<createdTime>2021-12-16 05:19:12 UTC</createdTime>
<ownerDesignName>영화예매</ownerDesignName>
<engineerTo>
<item key="9D976714-F363-98D9-66D8-CD09534283C4" value="true"/>
</engineerTo>
<nullsAllowed>true</nullsAllowed>
<use>0</use>
<ownDataTypeParameters>,,</ownDataTypeParameters>
</Attribute>
<Attribute name="위치" id="5EE07288-4509-97C8-5370-E0ADD20EA691">
<createdBy>mypc</createdBy>
<createdTime>2021-12-16 05:20:29 UTC</createdTime>
<ownerDesignName>영화예매</ownerDesignName>
<engineerTo>
<item key="9D976714-F363-98D9-66D8-CD09534283C4" value="true"/>
</engineerTo>
<nullsAllowed>true</nullsAllowed>
<use>0</use>
<ownDataTypeParameters>,,</ownDataTypeParameters>
</Attribute>
</attributes>
<identifiers itemClass="oracle.dbtools.crest.model.design.logical.CandidateKey">
<identifier id="C2DDD61B-46AA-5196-1E96-A618274B2CD2" name="극장 PK">
<createdBy>mypc</createdBy>
<createdTime>2021-12-16 05:19:20 UTC</createdTime>
<ownerDesignName>영화예매</ownerDesignName>
<engineerTo>
<item key="9D976714-F363-98D9-66D8-CD09534283C4" value="true"/>
</engineerTo>
<pk>true</pk>
<usedAttributes>
<attributeRef>38310969-0669-5AD2-B6B8-F0B215FC078F</attributeRef>
</usedAttributes>
</identifier>
</identifiers>
</Entity>