<?xml version = '1.0' encoding = 'UTF-8'?>
<Entity class="oracle.dbtools.crest.model.design.logical.Entity" directorySegmentName="seg_0" id="C523AA3F-5FCB-3BB4-3F4B-16B98B5E387C" name="회원">
<createdBy>mypc</createdBy>
<createdTime>2021-12-16 06:13:12 UTC</createdTime>
<ownerDesignName>영화예매</ownerDesignName>
<engineerTo>
<item key="9D976714-F363-98D9-66D8-CD09534283C4" value="true"/>
</engineerTo>
<adequatelyNormalized>NO</adequatelyNormalized>
<expectedVolumes>0</expectedVolumes>
<fwdEngineeringStrategyName>Single Table</fwdEngineeringStrategyName>
<growthPercent>0</growthPercent>
<growthType>Year</growthType>
<maxVolumes>9999999</maxVolumes>
<minVolumes>0</minVolumes>
<normalForm>Third</normalForm>
<attributes itemClass="oracle.dbtools.crest.model.design.logical.Attribute">
<Attribute name="회원번호" id="07D7CDD6-DA7C-1AFE-3921-0DCBEE2DE88C">
<createdBy>mypc</createdBy>
<createdTime>2021-12-16 06:13:18 UTC</createdTime>
<ownerDesignName>영화예매</ownerDesignName>
<engineerTo>
<item key="9D976714-F363-98D9-66D8-CD09534283C4" value="true"/>
</engineerTo>
<use>0</use>
<logicalDatatype>LOGDT019</logicalDatatype>
<domain>8DCA666F-F1AB-11BE-B574-8C712DB8B519</domain>
<ownDataTypeParameters>,,</ownDataTypeParameters>
</Attribute>
<Attribute name="이름" id="57A41DE1-AA54-F7D3-1DA7-8EABC2B41618">
<createdBy>mypc</createdBy>
<createdTime>2021-12-16 06:13:29 UTC</createdTime>
<ownerDesignName>영화예매</ownerDesignName>
<engineerTo>
<item key="9D976714-F363-98D9-66D8-CD09534283C4" value="true"/>
</engineerTo>
<nullsAllowed>true</nullsAllowed>
<use>0</use>
<ownDataTypeParameters>,,</ownDataTypeParameters>
</Attribute>
<Attribute name="주민번호" id="2F1AEEFC-42FF-4C7B-51B5-A7D05559F3AE">
<createdBy>mypc</createdBy>
<createdTime>2021-12-16 06:13:29 UTC</createdTime>
<ownerDesignName>영화예매</ownerDesignName>
<engineerTo>
<item key="9D976714-F363-98D9-66D8-CD09534283C4" value="true"/>
</engineerTo>
<nullsAllowed>true</nullsAllowed>
<use>0</use>
<ownDataTypeParameters>,,</ownDataTypeParameters>
</Attribute>
<Attribute name="전화번호" id="2D924438-FD65-1C7C-E31E-27CDCAD2A160">
<createdBy>mypc</createdBy>
<createdTime>2021-12-16 06:13:29 UTC</createdTime>
<ownerDesignName>영화예매</ownerDesignName>
<engineerTo>
<item key="9D976714-F363-98D9-66D8-CD09534283C4" value="true"/>
</engineerTo>
<nullsAllowed>true</nullsAllowed>
<use>0</use>
<ownDataTypeParameters>,,</ownDataTypeParameters>
</Attribute>
<Attribute name="이메일" id="655450E9-0F2B-D9D0-3981-821FBD35DF35">
<createdBy>mypc</createdBy>
<createdTime>2021-12-16 06:13:29 UTC</createdTime>
<ownerDesignName>영화예매</ownerDesignName>
<engineerTo>
<item key="9D976714-F363-98D9-66D8-CD09534283C4" value="true"/>
</engineerTo>
<nullsAllowed>true</nullsAllowed>
<use>0</use>
<ownDataTypeParameters>,,</ownDataTypeParameters>
</Attribute>
<Attribute name="회원아이디" id="873C8854-9359-C9B0-6561-142D0FC7D112">
<createdBy>mypc</createdBy>
<createdTime>2021-12-16 06:13:30 UTC</createdTime>
<ownerDesignName>영화예매</ownerDesignName>
<engineerTo>
<item key="9D976714-F363-98D9-66D8-CD09534283C4" value="true"/>
</engineerTo>
<nullsAllowed>true</nullsAllowed>
<use>0</use>
<ownDataTypeParameters>,,</ownDataTypeParameters>
</Attribute>
<Attribute name="비밀번호" id="5459C7DB-88F2-CF66-2E67-34BFBCFA6C3F">
<createdBy>mypc</createdBy>
<createdTime>2021-12-16 06:13:30 UTC</createdTime>
<ownerDesignName>영화예매</ownerDesignName>
<engineerTo>
<item key="9D976714-F363-98D9-66D8-CD09534283C4" value="true"/>
</engineerTo>
<nullsAllowed>true</nullsAllowed>
<use>0</use>
<ownDataTypeParameters>,,</ownDataTypeParameters>
</Attribute>
<Attribute name="포인트" id="0541518C-996C-EB75-BF27-E582BA68D89E">
<createdBy>mypc</createdBy>
<createdTime>2021-12-16 06:13:30 UTC</createdTime>
<ownerDesignName>영화예매</ownerDesignName>
<engineerTo>
<item key="9D976714-F363-98D9-66D8-CD09534283C4" value="true"/>
</engineerTo>
<nullsAllowed>true</nullsAllowed>
<use>0</use>
<ownDataTypeParameters>,,</ownDataTypeParameters>
</Attribute>
</attributes>
<identifiers itemClass="oracle.dbtools.crest.model.design.logical.CandidateKey">
<identifier id="87CB8BF3-C164-288E-0105-DEAC0B2CEA2C" name="회원 PK">
<createdBy>mypc</createdBy>
<createdTime>2021-12-16 06:13:27 UTC</createdTime>
<ownerDesignName>영화예매</ownerDesignName>
<engineerTo>
<item key="9D976714-F363-98D9-66D8-CD09534283C4" value="true"/>
</engineerTo>
<pk>true</pk>
<usedAttributes>
<attributeRef>07D7CDD6-DA7C-1AFE-3921-0DCBEE2DE88C</attributeRef>
</usedAttributes>
</identifier>
</identifiers>
</Entity>
