<?xml version = '1.0' encoding = 'UTF-8'?>
<Entity class="oracle.dbtools.crest.model.design.logical.Entity" directorySegmentName="seg_0" id="CC06E1E8-53A0-A486-0982-AA8D6B7AFE4C" name="영화표">
<createdBy>mypc</createdBy>
<createdTime>2021-12-16 06:08:39 UTC</createdTime>
<ownerDesignName>영화예매</ownerDesignName>
<engineerTo>
<item key="9D976714-F363-98D9-66D8-CD09534283C4" value="true"/>
</engineerTo>
<adequatelyNormalized>NO</adequatelyNormalized>
<expectedVolumes>0</expectedVolumes>
<fwdEngineeringStrategyName>Single Table</fwdEngineeringStrategyName>
<growthPercent>0</growthPercent>
<growthType>Year</growthType>
<maxVolumes>9999999</maxVolumes>
<minVolumes>0</minVolumes>
<normalForm>Third</normalForm>
<attributes itemClass="oracle.dbtools.crest.model.design.logical.Attribute">
<Attribute name="영화표번호" id="ADA5125F-5E39-5A69-DF66-DCF7CD76890D">
<createdBy>mypc</createdBy>
<createdTime>2021-12-16 06:08:45 UTC</createdTime>
<ownerDesignName>영화예매</ownerDesignName>
<engineerTo>
<item key="9D976714-F363-98D9-66D8-CD09534283C4" value="true"/>
</engineerTo>
<use>0</use>
<logicalDatatype>LOGDT019</logicalDatatype>
<domain>500DD966-72DA-9E83-B4B4-AD5015C078D4</domain>
<ownDataTypeParameters>,,</ownDataTypeParameters>
</Attribute>
<Attribute name="좌석번호" id="AE4AFEFE-A240-4F5D-D610-AFF5F5A3A955">
<createdBy>mypc</createdBy>
<createdTime>2021-12-16 06:09:58 UTC</createdTime>
<generatorID>7ACA0FB9-EFC7-3930-69A1-3224E6E103C8</generatorID>
<ownerDesignName>영화예매</ownerDesignName>
<engineerTo>
<item key="9D976714-F363-98D9-66D8-CD09534283C4" value="true"/>
</engineerTo>
<referedAttribute>775925DB-01DA-03F0-462F-157DF7E79C74</referedAttribute>
<use>0</use>
<logicalDatatype>LOGDT019</logicalDatatype>
<domain>B48D7FAD-BB96-EC38-5134-EEE4DE674002</domain>
<ownDataTypeParameters>,,</ownDataTypeParameters>
</Attribute>
<Attribute name="상영관번호" id="2B38657B-2D01-5EB8-C516-CD8D637C576C">
<createdBy>mypc</createdBy>
<createdTime>2021-12-16 06:09:58 UTC</createdTime>
<generatorID>7ACA0FB9-EFC7-3930-69A1-3224E6E103C8</generatorID>
<ownerDesignName>영화예매</ownerDesignName>
<engineerTo>
<item key="9D976714-F363-98D9-66D8-CD09534283C4" value="true"/>
</engineerTo>
<referedAttribute>997C94C9-3A3C-34A2-E37E-774002F23147</referedAttribute>
<use>0</use>
<logicalDatatype>LOGDT019</logicalDatatype>
<domain>BDC812AB-FBFE-73A0-7A4C-DC2C39AC67AC</domain>
<ownDataTypeParameters>,,</ownDataTypeParameters>
</Attribute>
<Attribute name="극장번호" id="3AB05681-5752-FA96-10DC-D47B22BC6D00">
<createdBy>mypc</createdBy>
<createdTime>2021-12-16 06:09:58 UTC</createdTime>
<generatorID>7ACA0FB9-EFC7-3930-69A1-3224E6E103C8</generatorID>
<ownerDesignName>영화예매</ownerDesignName>
<engineerTo>
<item key="9D976714-F363-98D9-66D8-CD09534283C4" value="true"/>
</engineerTo>
<referedAttribute>69F86535-9ADE-4309-C720-0BAD04F1AC81</referedAttribute>
<use>0</use>
<logicalDatatype>LOGDT019</logicalDatatype>
<domain>D0DF8686-B9BB-75FE-818E-04CDED2FD2E8</domain>
<ownDataTypeParameters>,,</ownDataTypeParameters>
</Attribute>
<Attribute name="상영일정번호" id="ED5DC25F-92E5-597D-1713-BD1647687661">
<createdBy>mypc</createdBy>
<createdTime>2021-12-16 06:10:12 UTC</createdTime>
<generatorID>F540ED4F-942E-9209-221C-AAD636006A1A</generatorID>
<ownerDesignName>영화예매</ownerDesignName>
<engineerTo>
<item key="9D976714-F363-98D9-66D8-CD09534283C4" value="true"/>
</engineerTo>
<referedAttribute>C700321F-C7B7-E60F-92BB-9380E250693B</referedAttribute>
<use>0</use>
<logicalDatatype>LOGDT019</logicalDatatype>
<domain>BE78AA20-6431-6FAE-7C78-4C6B0675D310</domain>
<ownDataTypeParameters>,,</ownDataTypeParameters>
</Attribute>
</attributes>
<identifiers itemClass="oracle.dbtools.crest.model.design.logical.CandidateKey">
<identifier id="6C0B2DBB-14FE-EC5B-8448-5FDCEBC011AE" name="영화표 PK">
<createdBy>mypc</createdBy>
<createdTime>2021-12-16 06:08:53 UTC</createdTime>
<ownerDesignName>영화예매</ownerDesignName>
<engineerTo>
<item key="9D976714-F363-98D9-66D8-CD09534283C4" value="true"/>
</engineerTo>
<pk>true</pk>
<usedAttributes>
<attributeRef>ADA5125F-5E39-5A69-DF66-DCF7CD76890D</attributeRef>
</usedAttributes>
</identifier>
</identifiers>
</Entity>