<?xml version = '1.0' encoding = 'UTF-8'?>
<Entity class="oracle.dbtools.crest.model.design.logical.Entity" directorySegmentName="seg_0" id="F0ECF8D4-0789-C35A-7693-99FCECD583FD" name="상영일정">
<createdBy>mypc</createdBy>
<createdTime>2021-12-16 06:02:28 UTC</createdTime>
<ownerDesignName>영화예매</ownerDesignName>
<engineerTo>
<item key="9D976714-F363-98D9-66D8-CD09534283C4" value="true"/>
</engineerTo>
<adequatelyNormalized>NO</adequatelyNormalized>
<expectedVolumes>0</expectedVolumes>
<fwdEngineeringStrategyName>Single Table</fwdEngineeringStrategyName>
<growthPercent>0</growthPercent>
<growthType>Year</growthType>
<maxVolumes>9999999</maxVolumes>
<minVolumes>0</minVolumes>
<normalForm>Third</normalForm>
<attributes itemClass="oracle.dbtools.crest.model.design.logical.Attribute">
<Attribute name="상영일정번호" id="C700321F-C7B7-E60F-92BB-9380E250693B">
<createdBy>mypc</createdBy>
<createdTime>2021-12-16 06:02:36 UTC</createdTime>
<ownerDesignName>영화예매</ownerDesignName>
<engineerTo>
<item key="9D976714-F363-98D9-66D8-CD09534283C4" value="true"/>
</engineerTo>
<use>0</use>
<logicalDatatype>LOGDT019</logicalDatatype>
<domain>BE78AA20-6431-6FAE-7C78-4C6B0675D310</domain>
<ownDataTypeParameters>,,</ownDataTypeParameters>
</Attribute>
<Attribute name="상영일자" id="39408DD2-0C0D-D3EF-B7DC-D3348E2C2A99">
<createdBy>mypc</createdBy>
<createdTime>2021-12-16 06:03:08 UTC</createdTime>
<ownerDesignName>영화예매</ownerDesignName>
<engineerTo>
<item key="9D976714-F363-98D9-66D8-CD09534283C4" value="true"/>
</engineerTo>
<nullsAllowed>true</nullsAllowed>
<use>0</use>
<ownDataTypeParameters>,,</ownDataTypeParameters>
</Attribute>
<Attribute name="상영시간" id="B30D5765-95D5-6991-3A51-5F5E68CECC2D">
<createdBy>mypc</createdBy>
<createdTime>2021-12-16 06:03:08 UTC</createdTime>
<ownerDesignName>영화예매</ownerDesignName>
<engineerTo>
<item key="9D976714-F363-98D9-66D8-CD09534283C4" value="true"/>
</engineerTo>
<nullsAllowed>true</nullsAllowed>
<use>0</use>
<ownDataTypeParameters>,,</ownDataTypeParameters>
</Attribute>
<Attribute name="분류" id="3A61FB85-209A-DF02-ED0F-DFA250F4E387">
<createdBy>mypc</createdBy>
<createdTime>2021-12-16 06:03:09 UTC</createdTime>
<ownerDesignName>영화예매</ownerDesignName>
<engineerTo>
<item key="9D976714-F363-98D9-66D8-CD09534283C4" value="true"/>
</engineerTo>
<nullsAllowed>true</nullsAllowed>
<use>0</use>
<ownDataTypeParameters>,,</ownDataTypeParameters>
</Attribute>
<Attribute name="요금" id="9A347605-511E-7125-92EC-957AAB7AEBA6">
<createdBy>mypc</createdBy>
<createdTime>2021-12-16 06:03:09 UTC</createdTime>
<ownerDesignName>영화예매</ownerDesignName>
<engineerTo>
<item key="9D976714-F363-98D9-66D8-CD09534283C4" value="true"/>
</engineerTo>
<nullsAllowed>true</nullsAllowed>
<use>0</use>
<ownDataTypeParameters>,,</ownDataTypeParameters>
</Attribute>
<Attribute name="영화번호" id="48770EC0-4E30-5FAA-3F88-AA67B9A7EC90">
<createdBy>mypc</createdBy>
<createdTime>2021-12-16 06:05:01 UTC</createdTime>
<generatorID>B5C23F59-512B-FD5F-7E8A-B3BB4889C38D</generatorID>
<ownerDesignName>영화예매</ownerDesignName>
<engineerTo>
<item key="9D976714-F363-98D9-66D8-CD09534283C4" value="true"/>
</engineerTo>
<referedAttribute>3383C5A4-FEEA-BA75-EDA6-43CB92F1E149</referedAttribute>
<use>0</use>
<logicalDatatype>LOGDT019</logicalDatatype>
<domain>74A7D70A-A4BE-0B06-2D14-29F39E1010A2</domain>
<ownDataTypeParameters>,,</ownDataTypeParameters>
</Attribute>
<Attribute name="상영관번호" id="5BE897CE-EE05-2601-14B0-7C47B763F815">
<createdBy>mypc</createdBy>
<createdTime>2021-12-16 06:07:16 UTC</createdTime>
<generatorID>4D7CD641-60F3-997D-DB60-86BD4D4A3985</generatorID>
<ownerDesignName>영화예매</ownerDesignName>
<engineerTo>
<item key="9D976714-F363-98D9-66D8-CD09534283C4" value="true"/>
</engineerTo>
<referedAttribute>AE8FA0C5-86C3-6D4C-8A08-A69EE281D440</referedAttribute>
<use>0</use>
<logicalDatatype>LOGDT019</logicalDatatype>
<domain>BDC812AB-FBFE-73A0-7A4C-DC2C39AC67AC</domain>
<ownDataTypeParameters>,,</ownDataTypeParameters>
</Attribute>
<Attribute name="극장번호" id="167561A6-1E9F-F19C-A55F-376A04B7CFA2">
<createdBy>mypc</createdBy>
<createdTime>2021-12-16 06:07:16 UTC</createdTime>
<generatorID>4D7CD641-60F3-997D-DB60-86BD4D4A3985</generatorID>
<ownerDesignName>영화예매</ownerDesignName>
<engineerTo>
<item key="9D976714-F363-98D9-66D8-CD09534283C4" value="true"/>
</engineerTo>
<referedAttribute>4B928863-D6F3-8284-5F1D-BD9401588656</referedAttribute>
<use>0</use>
<logicalDatatype>LOGDT019</logicalDatatype>
<domain>D0DF8686-B9BB-75FE-818E-04CDED2FD2E8</domain>
<ownDataTypeParameters>,,</ownDataTypeParameters>
</Attribute>
</attributes>
<identifiers itemClass="oracle.dbtools.crest.model.design.logical.CandidateKey">
<identifier id="EF0177CD-8808-5820-6E94-8C51E3E37759" name="상영일정 PK">
<createdBy>mypc</createdBy>
<createdTime>2021-12-16 06:02:47 UTC</createdTime>
<ownerDesignName>영화예매</ownerDesignName>
<engineerTo>
<item key="9D976714-F363-98D9-66D8-CD09534283C4" value="true"/>
</engineerTo>
<pk>true</pk>
<usedAttributes>
<attributeRef>C700321F-C7B7-E60F-92BB-9380E250693B</attributeRef>
</usedAttributes>
</identifier>
</identifiers>
</Entity>