<?xml version = '1.0' encoding = 'UTF-8'?>
<Relation class="oracle.dbtools.crest.model.design.logical.Relation" name="상영관_상영일정" directorySegmentName="seg_0" id="4D7CD641-60F3-997D-DB60-86BD4D4A3985">
<createdBy>mypc</createdBy>
<createdTime>2021-12-16 06:07:16 UTC</createdTime>
<ownerDesignName>영화예매</ownerDesignName>
<engineerTo>
<item key="9D976714-F363-98D9-66D8-CD09534283C4" value="true"/>
</engineerTo>
<sourcePk>525E0F30-7650-DB27-8E67-30920C2747B7</sourcePk>
<identifying>false</identifying>
<optionalSource>true</optionalSource>
<optionalTarget>false</optionalTarget>
<sourceCardinality>1</sourceCardinality>
<sourceEntity>DC21688B-E184-5603-7AC3-E0EF1DC64417</sourceEntity>
<targetCardinalityString>*</targetCardinalityString>
<targetEntity>F0ECF8D4-0789-C35A-7693-99FCECD583FD</targetEntity>
<transferable>true</transferable>
<deleteRule>NO ACTION</deleteRule>
</Relation>