<?xml version = '1.0' encoding = 'UTF-8'?>
<Relation class="oracle.dbtools.crest.model.design.logical.Relation" name="영화표_예매" directorySegmentName="seg_0" id="6CD8C47F-037A-1963-B7C8-909B8528E8BB">
<createdBy>mypc</createdBy>
<createdTime>2021-12-16 06:19:47 UTC</createdTime>
<ownerDesignName>영화예매</ownerDesignName>
<engineerTo>
<item key="9D976714-F363-98D9-66D8-CD09534283C4" value="true"/>
</engineerTo>
<sourcePk>6C0B2DBB-14FE-EC5B-8448-5FDCEBC011AE</sourcePk>
<identifying>false</identifying>
<optionalSource>true</optionalSource>
<optionalTarget>false</optionalTarget>
<sourceCardinality>1</sourceCardinality>
<sourceEntity>CC06E1E8-53A0-A486-0982-AA8D6B7AFE4C</sourceEntity>
<targetCardinalityString>*</targetCardinalityString>
<targetEntity>2C5A4627-FC9F-FF46-385F-DB3921B38E78</targetEntity>
<transferable>true</transferable>
<deleteRule>NO ACTION</deleteRule>
</Relation>