<?xml version = '1.0' encoding = 'UTF-8'?>
<Relation class="oracle.dbtools.crest.model.design.logical.Relation" name="영화_상영일정" directorySegmentName="seg_0" id="B5C23F59-512B-FD5F-7E8A-B3BB4889C38D">
<createdBy>mypc</createdBy>
<createdTime>2021-12-16 06:05:01 UTC</createdTime>
<ownerDesignName>영화예매</ownerDesignName>
<engineerTo>
<item key="9D976714-F363-98D9-66D8-CD09534283C4" value="true"/>
</engineerTo>
<sourcePk>39C5B8F7-8608-7D9B-4DD3-AE6D2EA8E55C</sourcePk>
<identifying>false</identifying>
<optionalSource>true</optionalSource>
<optionalTarget>false</optionalTarget>
<sourceCardinality>1</sourceCardinality>
<sourceEntity>2B8CC9A0-D79D-5508-CEDB-FB948BF4D813</sourceEntity>
<targetCardinalityString>*</targetCardinalityString>
<targetEntity>F0ECF8D4-0789-C35A-7693-99FCECD583FD</targetEntity>
<transferable>true</transferable>
<deleteRule>NO ACTION</deleteRule>
</Relation>