<?xml version = '1.0' encoding = 'UTF-8'?>
<Relation class="oracle.dbtools.crest.model.design.logical.Relation" name="회원_예매" directorySegmentName="seg_0" id="B79C561D-ED5D-60AC-F468-39B7774B1A97">
<createdBy>mypc</createdBy>
<createdTime>2021-12-16 06:47:37 UTC</createdTime>
<ownerDesignName>영화예매</ownerDesignName>
<engineerTo>
<item key="9D976714-F363-98D9-66D8-CD09534283C4" value="true"/>
</engineerTo>
<sourcePk>87CB8BF3-C164-288E-0105-DEAC0B2CEA2C</sourcePk>
<identifying>false</identifying>
<optionalSource>true</optionalSource>
<optionalTarget>false</optionalTarget>
<sourceCardinality>1</sourceCardinality>
<sourceEntity>C523AA3F-5FCB-3BB4-3F4B-16B98B5E387C</sourceEntity>
<targetCardinalityString>*</targetCardinalityString>
<targetEntity>2C5A4627-FC9F-FF46-385F-DB3921B38E78</targetEntity>
<transferable>true</transferable>
<deleteRule>NO ACTION</deleteRule>
</Relation>
