<?xml version = '1.0' encoding = 'UTF-8'?>
<Relation class="oracle.dbtools.crest.model.design.logical.Relation" name="상영일정_영화표" directorySegmentName="seg_0" id="F540ED4F-942E-9209-221C-AAD636006A1A">
<createdBy>mypc</createdBy>
<createdTime>2021-12-16 06:10:12 UTC</createdTime>
<ownerDesignName>영화예매</ownerDesignName>
<engineerTo>
<item key="9D976714-F363-98D9-66D8-CD09534283C4" value="true"/>
</engineerTo>
<sourcePk>EF0177CD-8808-5820-6E94-8C51E3E37759</sourcePk>
<identifying>false</identifying>
<optionalSource>true</optionalSource>
<optionalTarget>false</optionalTarget>
<sourceCardinality>1</sourceCardinality>
<sourceEntity>F0ECF8D4-0789-C35A-7693-99FCECD583FD</sourceEntity>
<targetCardinalityString>*</targetCardinalityString>
<targetEntity>CC06E1E8-53A0-A486-0982-AA8D6B7AFE4C</targetEntity>
<transferable>true</transferable>
<deleteRule>NO ACTION</deleteRule>
</Relation>