<?xml version = '1.0' encoding = 'UTF-8'?>
<Entity class="oracle.dbtools.crest.model.design.logical.Entity" directorySegmentName="seg_0" id="65BBD59A-A026-94B6-60B4-B3ECAEDC50D8" name="부서">
<createdBy>mypc</createdBy>
<createdTime>2021-12-16 01:38:40 UTC</createdTime>
<ownerDesignName>쇼핑몰</ownerDesignName>
<engineerTo>
<item key="A861EE19-6B58-EDAB-A7CB-B0E81FF96AC4" value="true"/>
<item key="FE248A53-016A-ABEB-37D9-D42E81478BF0" value="true"/>
</engineerTo>
<adequatelyNormalized>NO</adequatelyNormalized>
<expectedVolumes>0</expectedVolumes>
<fwdEngineeringStrategyName>Single Table</fwdEngineeringStrategyName>
<growthPercent>0</growthPercent>
<growthType>Year</growthType>
<maxVolumes>9999999</maxVolumes>
<minVolumes>0</minVolumes>
<normalForm>Third</normalForm>
<attributes itemClass="oracle.dbtools.crest.model.design.logical.Attribute">
<Attribute name="부서번호" id="6FE4E526-80DD-5A99-F0F2-5FAB1CEE6024">
<createdBy>mypc</createdBy>
<createdTime>2021-12-16 01:39:54 UTC</createdTime>
<ownerDesignName>쇼핑몰</ownerDesignName>
<engineerTo>
<item key="A861EE19-6B58-EDAB-A7CB-B0E81FF96AC4" value="true"/>
<item key="FE248A53-016A-ABEB-37D9-D42E81478BF0" value="true"/>
</engineerTo>
<useDomainConstraints>false</useDomainConstraints>
<use>1</use>
<ownDataTypeParameters>,,</ownDataTypeParameters>
</Attribute>
<Attribute name="부서명" id="8E347762-B69D-2525-17E9-EF9027AA434F">
<createdBy>mypc</createdBy>
<createdTime>2021-12-16 01:44:41 UTC</createdTime>
<ownerDesignName>쇼핑몰</ownerDesignName>
<engineerTo>
<item key="A861EE19-6B58-EDAB-A7CB-B0E81FF96AC4" value="true"/>
<item key="FE248A53-016A-ABEB-37D9-D42E81478BF0" value="true"/>
</engineerTo>
<nullsAllowed>true</nullsAllowed>
<use>0</use>
<ownDataTypeParameters>,,</ownDataTypeParameters>
</Attribute>
<Attribute name="지역명" id="DEF47603-E872-24A2-623A-D71DE198EEF1">
<createdBy>mypc</createdBy>
<createdTime>2021-12-16 01:44:54 UTC</createdTime>
<ownerDesignName>쇼핑몰</ownerDesignName>
<engineerTo>
<item key="A861EE19-6B58-EDAB-A7CB-B0E81FF96AC4" value="true"/>
<item key="FE248A53-016A-ABEB-37D9-D42E81478BF0" value="true"/>
</engineerTo>
<nullsAllowed>true</nullsAllowed>
<use>0</use>
<ownDataTypeParameters>,,</ownDataTypeParameters>
</Attribute>
</attributes>
<identifiers itemClass="oracle.dbtools.crest.model.design.logical.CandidateKey">
<identifier id="05E377C1-F848-6F0C-120E-6D99867A5885" name="부서 PK">
<createdBy>mypc</createdBy>
<createdTime>2021-12-16 01:44:33 UTC</createdTime>
<ownerDesignName>쇼핑몰</ownerDesignName>
<engineerTo>
<item key="A861EE19-6B58-EDAB-A7CB-B0E81FF96AC4" value="true"/>
<item key="FE248A53-016A-ABEB-37D9-D42E81478BF0" value="true"/>
</engineerTo>
<pk>true</pk>
<usedAttributes>
<attributeRef>6FE4E526-80DD-5A99-F0F2-5FAB1CEE6024</attributeRef>
</usedAttributes>
</identifier>
</identifiers>
</Entity>