<?xml version = '1.0' encoding = 'UTF-8'?>
<Entity class="oracle.dbtools.crest.model.design.logical.Entity" directorySegmentName="seg_0" id="DDC1E0B6-845E-20AC-9EBC-A21084626FA9" name="사원">
<createdBy>mypc</createdBy>
<createdTime>2021-12-16 01:48:42 UTC</createdTime>
<ownerDesignName>쇼핑몰</ownerDesignName>
<engineerTo>
<item key="A861EE19-6B58-EDAB-A7CB-B0E81FF96AC4" value="true"/>
<item key="FE248A53-016A-ABEB-37D9-D42E81478BF0" value="true"/>
</engineerTo>
<adequatelyNormalized>NO</adequatelyNormalized>
<expectedVolumes>0</expectedVolumes>
<fwdEngineeringStrategyName>Single Table</fwdEngineeringStrategyName>
<growthPercent>0</growthPercent>
<growthType>Year</growthType>
<maxVolumes>9999999</maxVolumes>
<minVolumes>0</minVolumes>
<normalForm>Third</normalForm>
<attributes itemClass="oracle.dbtools.crest.model.design.logical.Attribute">
<Attribute name="사원번호" id="71DF33DB-0151-A69A-F6B9-AC447A9DFDD9">
<createdBy>mypc</createdBy>
<createdTime>2021-12-16 01:48:50 UTC</createdTime>
<ownerDesignName>쇼핑몰</ownerDesignName>
<engineerTo>
<item key="A861EE19-6B58-EDAB-A7CB-B0E81FF96AC4" value="true"/>
<item key="FE248A53-016A-ABEB-37D9-D42E81478BF0" value="true"/>
</engineerTo>
<use>0</use>
<ownDataTypeParameters>,,</ownDataTypeParameters>
</Attribute>
<Attribute name="사원명" id="73EA4BE0-5B61-5A25-204F-620CE141C23F">
<createdBy>mypc</createdBy>
<createdTime>2021-12-16 01:49:11 UTC</createdTime>
<ownerDesignName>쇼핑몰</ownerDesignName>
<engineerTo>
<item key="A861EE19-6B58-EDAB-A7CB-B0E81FF96AC4" value="true"/>
<item key="FE248A53-016A-ABEB-37D9-D42E81478BF0" value="true"/>
</engineerTo>
<nullsAllowed>true</nullsAllowed>
<use>0</use>
<ownDataTypeParameters>,,</ownDataTypeParameters>
</Attribute>
<Attribute name="업무명" id="B5BADE55-63F9-14E9-A83C-AE87264E5114">
<createdBy>mypc</createdBy>
<createdTime>2021-12-16 01:49:11 UTC</createdTime>
<ownerDesignName>쇼핑몰</ownerDesignName>
<engineerTo>
<item key="A861EE19-6B58-EDAB-A7CB-B0E81FF96AC4" value="true"/>
<item key="FE248A53-016A-ABEB-37D9-D42E81478BF0" value="true"/>
</engineerTo>
<nullsAllowed>true</nullsAllowed>
<use>0</use>
<ownDataTypeParameters>,,</ownDataTypeParameters>
</Attribute>
<Attribute name="직속상관" id="29590CF3-D9C5-1CED-071E-828A722C60EA">
<createdBy>mypc</createdBy>
<createdTime>2021-12-16 01:49:11 UTC</createdTime>
<ownerDesignName>쇼핑몰</ownerDesignName>
<engineerTo>
<item key="A861EE19-6B58-EDAB-A7CB-B0E81FF96AC4" value="true"/>
<item key="FE248A53-016A-ABEB-37D9-D42E81478BF0" value="true"/>
</engineerTo>
<nullsAllowed>true</nullsAllowed>
<use>0</use>
<ownDataTypeParameters>,,</ownDataTypeParameters>
</Attribute>
<Attribute name="입사일" id="A9FCBE9E-03E2-3740-8DE0-4832600473DE">
<createdBy>mypc</createdBy>
<createdTime>2021-12-16 01:49:12 UTC</createdTime>
<ownerDesignName>쇼핑몰</ownerDesignName>
<engineerTo>
<item key="A861EE19-6B58-EDAB-A7CB-B0E81FF96AC4" value="true"/>
<item key="FE248A53-016A-ABEB-37D9-D42E81478BF0" value="true"/>
</engineerTo>
<nullsAllowed>true</nullsAllowed>
<use>0</use>
<ownDataTypeParameters>,,</ownDataTypeParameters>
</Attribute>
<Attribute name="급여" id="3E6A984C-7DF8-3F5F-9040-F30E66D70CA8">
<createdBy>mypc</createdBy>
<createdTime>2021-12-16 01:49:12 UTC</createdTime>
<ownerDesignName>쇼핑몰</ownerDesignName>
<engineerTo>
<item key="A861EE19-6B58-EDAB-A7CB-B0E81FF96AC4" value="true"/>
<item key="FE248A53-016A-ABEB-37D9-D42E81478BF0" value="true"/>
</engineerTo>
<nullsAllowed>true</nullsAllowed>
<use>0</use>
<ownDataTypeParameters>,,</ownDataTypeParameters>
</Attribute>
<Attribute name="커미션" id="8B270E96-CD47-51DE-2291-9B26E62F123F">
<createdBy>mypc</createdBy>
<createdTime>2021-12-16 01:49:12 UTC</createdTime>
<ownerDesignName>쇼핑몰</ownerDesignName>
<engineerTo>
<item key="A861EE19-6B58-EDAB-A7CB-B0E81FF96AC4" value="true"/>
<item key="FE248A53-016A-ABEB-37D9-D42E81478BF0" value="true"/>
</engineerTo>
<nullsAllowed>true</nullsAllowed>
<use>0</use>
<ownDataTypeParameters>,,</ownDataTypeParameters>
</Attribute>
<Attribute name="부서번호" id="EF1BA4D8-6009-A801-EEED-93DC7813730D">
<createdBy>mypc</createdBy>
<createdTime>2021-12-16 02:15:14 UTC</createdTime>
<generatorID>5CAD0E72-CDF1-26B7-6AE0-DBE3AAF18F03</generatorID>
<ownerDesignName>쇼핑몰</ownerDesignName>
<engineerTo>
<item key="A861EE19-6B58-EDAB-A7CB-B0E81FF96AC4" value="true"/>
<item key="FE248A53-016A-ABEB-37D9-D42E81478BF0" value="true"/>
</engineerTo>
<nullsAllowed>true</nullsAllowed>
<referedAttribute>6FE4E526-80DD-5A99-F0F2-5FAB1CEE6024</referedAttribute>
<useDomainConstraints>false</useDomainConstraints>
<use>1</use>
<ownDataTypeParameters>,,</ownDataTypeParameters>
</Attribute>
</attributes>
<identifiers itemClass="oracle.dbtools.crest.model.design.logical.CandidateKey">
<identifier id="5EF7C2DB-CF55-36F8-4648-4CB4D75849AE" name="사원 PK">
<createdBy>mypc</createdBy>
<createdTime>2021-12-16 01:49:03 UTC</createdTime>
<ownerDesignName>쇼핑몰</ownerDesignName>
<engineerTo>
<item key="A861EE19-6B58-EDAB-A7CB-B0E81FF96AC4" value="true"/>
<item key="FE248A53-016A-ABEB-37D9-D42E81478BF0" value="true"/>
</engineerTo>
<pk>true</pk>
<usedAttributes>
<attributeRef>71DF33DB-0151-A69A-F6B9-AC447A9DFDD9</attributeRef>
</usedAttributes>
</identifier>
</identifiers>
</Entity>