<?xml version = '1.0' encoding = 'UTF-8'?>
<Entity class="oracle.dbtools.crest.model.design.logical.Entity" directorySegmentName="seg_0" id="E9B90B02-8753-612C-19E5-2EEC36C917C7" name="고객">
<createdBy>mypc</createdBy>
<createdTime>2021-12-16 02:19:24 UTC</createdTime>
<ownerDesignName>쇼핑몰</ownerDesignName>
<engineerTo>
<item key="A861EE19-6B58-EDAB-A7CB-B0E81FF96AC4" value="true"/>
<item key="FE248A53-016A-ABEB-37D9-D42E81478BF0" value="true"/>
</engineerTo>
<adequatelyNormalized>NO</adequatelyNormalized>
<expectedVolumes>0</expectedVolumes>
<fwdEngineeringStrategyName>Single Table</fwdEngineeringStrategyName>
<growthPercent>0</growthPercent>
<growthType>Year</growthType>
<maxVolumes>9999999</maxVolumes>
<minVolumes>0</minVolumes>
<normalForm>Third</normalForm>
<attributes itemClass="oracle.dbtools.crest.model.design.logical.Attribute">
<Attribute name="아이디" id="C51F6C27-03C1-ACF9-EBF0-A287BF89FD86">
<createdBy>mypc</createdBy>
<createdTime>2021-12-16 02:19:39 UTC</createdTime>
<ownerDesignName>쇼핑몰</ownerDesignName>
<engineerTo>
<item key="A861EE19-6B58-EDAB-A7CB-B0E81FF96AC4" value="true"/>
<item key="FE248A53-016A-ABEB-37D9-D42E81478BF0" value="true"/>
</engineerTo>
<use>0</use>
<ownDataTypeParameters>,,</ownDataTypeParameters>
</Attribute>
<Attribute name="패스워드" id="3E6EB201-2F22-BD98-7776-97631B9B2226">
<createdBy>mypc</createdBy>
<createdTime>2021-12-16 02:19:57 UTC</createdTime>
<ownerDesignName>쇼핑몰</ownerDesignName>
<engineerTo>
<item key="A861EE19-6B58-EDAB-A7CB-B0E81FF96AC4" value="true"/>
<item key="FE248A53-016A-ABEB-37D9-D42E81478BF0" value="true"/>
</engineerTo>
<nullsAllowed>true</nullsAllowed>
<use>0</use>
<ownDataTypeParameters>,,</ownDataTypeParameters>
</Attribute>
<Attribute name="성명" id="5282F8BB-F799-9B35-9993-A8E007E6FDD3">
<createdBy>mypc</createdBy>
<createdTime>2021-12-16 02:19:57 UTC</createdTime>
<ownerDesignName>쇼핑몰</ownerDesignName>
<engineerTo>
<item key="A861EE19-6B58-EDAB-A7CB-B0E81FF96AC4" value="true"/>
<item key="FE248A53-016A-ABEB-37D9-D42E81478BF0" value="true"/>
</engineerTo>
<nullsAllowed>true</nullsAllowed>
<use>0</use>
<ownDataTypeParameters>,,</ownDataTypeParameters>
</Attribute>
<Attribute name="전화번호" id="8A29D439-53F6-1664-6259-9127B9FF7B26">
<createdBy>mypc</createdBy>
<createdTime>2021-12-16 02:19:57 UTC</createdTime>
<ownerDesignName>쇼핑몰</ownerDesignName>
<engineerTo>
<item key="A861EE19-6B58-EDAB-A7CB-B0E81FF96AC4" value="true"/>
<item key="FE248A53-016A-ABEB-37D9-D42E81478BF0" value="true"/>
</engineerTo>
<nullsAllowed>true</nullsAllowed>
<use>0</use>
<ownDataTypeParameters>,,</ownDataTypeParameters>
</Attribute>
<Attribute name="주민등록번호" id="857445A4-10CD-5CAD-BA15-8F7476D120A1">
<createdBy>mypc</createdBy>
<createdTime>2021-12-16 02:20:23 UTC</createdTime>
<ownerDesignName>쇼핑몰</ownerDesignName>
<engineerTo>
<item key="A861EE19-6B58-EDAB-A7CB-B0E81FF96AC4" value="true"/>
<item key="FE248A53-016A-ABEB-37D9-D42E81478BF0" value="true"/>
</engineerTo>
<nullsAllowed>true</nullsAllowed>
<use>0</use>
<ownDataTypeParameters>,,</ownDataTypeParameters>
</Attribute>
<Attribute name="주소" id="76F81047-2E03-1130-60DE-996531C47C3F">
<createdBy>mypc</createdBy>
<createdTime>2021-12-16 02:20:24 UTC</createdTime>
<ownerDesignName>쇼핑몰</ownerDesignName>
<engineerTo>
<item key="A861EE19-6B58-EDAB-A7CB-B0E81FF96AC4" value="true"/>
<item key="FE248A53-016A-ABEB-37D9-D42E81478BF0" value="true"/>
</engineerTo>
<nullsAllowed>true</nullsAllowed>
<use>0</use>
<ownDataTypeParameters>,,</ownDataTypeParameters>
</Attribute>
</attributes>
<identifiers itemClass="oracle.dbtools.crest.model.design.logical.CandidateKey">
<identifier id="C4895C0F-18E7-E6E1-7682-1C3DFF4BB442" name="고객 PK">
<createdBy>mypc</createdBy>
<createdTime>2021-12-16 02:19:51 UTC</createdTime>
<ownerDesignName>쇼핑몰</ownerDesignName>
<engineerTo>
<item key="A861EE19-6B58-EDAB-A7CB-B0E81FF96AC4" value="true"/>
<item key="FE248A53-016A-ABEB-37D9-D42E81478BF0" value="true"/>
</engineerTo>
<pk>true</pk>
<usedAttributes>
<attributeRef>C51F6C27-03C1-ACF9-EBF0-A287BF89FD86</attributeRef>
</usedAttributes>
</identifier>
</identifiers>
</Entity>